Drug,cIds
on123300,CIDs00120181
ncgc00014650-03,CIDs00006151
882531-87-5,CIDs58539301
372196-67-3,CIDs00013116
gw 6471,CIDs00003503
(-)-chlorpheniramine,CIDs00002929
rupatadine fumarate,CIDs11248490
crenolanib (cp-868596),CIDs16070111
bgt-226 free base,CIDs06918289
canadine,CIDs00004055
a 419259,CIDs00002375
ncgc00094763-03,CIDs11338033
phenylephrine,CIDs25154867
gzd824,CIDs51038269
(+)-matrine,CIDs20916937
entecavir impurity a,CIDs00004033
pf-05212384 (pki-587),CIDs00104838
chembl1221434,CIDs118196485
torin 1,CIDs46847888
1037624-75-1,CIDs71721647
benserazide hcl,CIDs135403821
89565-68-4,CIDs09572720
ncgc00025235-01,CIDs00003878
1421227-52-2,CIDs00374536
1022958-60-6,CIDs135659062
1044870-39-4,CIDs11960529
phenformin,CIDs00072172
clonidine hcl,CIDs00071384
beta-narcotine,CIDs00156419
13292-46-1,CIDs59603622
153436-54-5,CIDs00005560
inolitazone,CIDs00071158
visudyne,CIDs05362420
108740-89-2,CIDs00636411
jasmonic acid methyl ester,CIDs00004121
eo 1428,CIDs09801969
epirubicin hcl,CIDs24197464
ozagrel hcl,CIDs00043231
az82,CIDs00005870
ly2109761,CIDs11655119
kpt-8602,CIDs25195352
cct129202,CIDs16202152
3bdo,CIDs00016231
rx-3117,CIDs00176873
vuf 10166,CIDs00060703
phenformin hcl,CIDs10090485
chembl416657,CIDs67469117
riviciclib,CIDs23643975
tocris-1097,CIDs25067547
blz945,CIDs46184986
pk 11195,CIDs44240850
ql47,CIDs00015331
ac1ofcep,CIDs00004189
trazodone hcl,CIDs04259181
chebi:93770,CIDs16760355
amprolium hcl,CIDs56944144
blu9931,CIDs00015459
ly2608204,CIDs46832368
aminoguanidine hemisulfate,CIDs73265273
mexiletine hcl,CIDs67171867
330161-87-0,CIDs121540650
ncgc00263228-01,CIDs57519535
ym155 (sepantronium bromide),CIDs00071329
sc-514,CIDs135567102
chembl3348900,CIDs00108107
calmidazolium,CIDs57412684
xl147,CIDs05310966
ilk-in-2,CIDs14720269
chembl431383,CIDs00445858
"ethyl 4-(5-acrylamido-2-fluorophenyl)-7h-pyrrolo[2,3-d]pyrimidine-5-carboxylate",CIDs00005833
nialamide,CIDs02888648
sb705498,CIDs60167648
wp1066,CIDs11210478
1370256-78-2,CIDs90116675
ribavirin 5\'-triphosphate,CIDs09841667
zuclomiphene,CIDs09918559
unc569,CIDs11655119
5-fluoro-2\'-deoxyuridine,CIDs11715767
phentolamine,CIDs53325874
4\'-epiadriamycin,CIDs00003883
89778-26-7,CIDs53317853
54-62-6,CIDs00148201
pf-299804,CIDs09936727
sumanirole,CIDs09818478
gsk690693,CIDs16725726
schembl6874948,CIDs00656734
mc1568,CIDs11381449
phenazopyridine hcl,CIDs00005245
chembl3348887,CIDs00016230
131848-97-0,CIDs49846579
(r)-etodolac,CIDs00984170
antitumor compound 1,CIDs73427118
sb-747651a,CIDs71660551
chembl1288002,CIDs00004060
cobicistat (gs-9350),CIDs57382288
ncgc00183844-01,CIDs00004197
hesperidin,CIDs10142586
unii-v9ggv0ycdi,CIDs135398745
xl019,CIDs57990869
134036-52-5,CIDs10138980
allylthiourea,CIDs00400769
gsk2256294a,CIDs00041684
pd 169316,CIDs00004712
ncgc00346728-01,CIDs06918203
bay 61-3606,CIDs10200390
1-(4-fluorophenyl)-3-(3-(4-fluorophenyl)-3-hydroxypropyl)-4-(4-hydroxyphenyl)azetidin-2-one,CIDs49777740
clomipramine hcl,CIDs06917715
ncgc00346729-01,CIDs00392622
vu 0357121,CIDs02296132
827031-83-4,CIDs24871506
938444-93-0,CIDs00007547
56990-57-9,CIDs00034458
vitamin d3,CIDs00037542
ibutamoren mesylate,CIDs00005361
ampicillin trihydrate,CIDs00004917
troxatyl,CIDs117636625
zinc17545571,CIDs70798655
srt1720,CIDs24180125
chembl3348975,CIDs00027200
azelastine,CIDs00003229
hms3655l04,CIDs46933992
ky02111,CIDs08582409
nilvadipine,CIDs11422035
esmolol hcl,CIDs24739943
dimebolin,CIDs00003715
buspirone hcl,CIDs00107706
isovaleramide,CIDs00005719
chembl3348877,CIDs00030323
1844849-11-1,CIDs09892071
nibr189,CIDs36295259
gw842166x,CIDs03086576
944396-88-7,CIDs11539477
medetomidine hcl,CIDs00636397
enalaprilat dihydrate,CIDs135565082
isodonol,CIDs54676478
a66,CIDs00002008
hg6-64-1,CIDs53302361
lanabecestat,CIDs46910592
ac1npcoi,CIDs05201899
bgt226 (nvp-bgt226),CIDs23653175
unc0224,CIDs44251522
abt-751 (e7010),CIDs00000938
ambroxol hcl,CIDs00356653
ve-822,CIDs59472121
ncgc00163532-01,CIDs00688020
ncgc00346664-01,CIDs00638024
ncgc00346531-01,CIDs00439693
azd1208,CIDs58423153
meclizine,CIDs00004034
ncgc00346580-01,CIDs00005533
beta carotene,CIDs00005386
pranoprofen,CIDs117072548
ca-074me,CIDs00071339
nandrolone phenpropionate,CIDs73352604
enmd-2076,CIDs16041424
ly2603618,CIDs11955855
sarafloxacin,CIDs00056207
chembl3348849,CIDs56602554
gsk4112,CIDs50905018
865362-74-9,CIDs00032874
nicotinic acid,CIDs50985821
tg100-115,CIDs10427712
ym201636,CIDs09956222
salicylanilide,CIDs00031703
pramipexole dihydrochloride,CIDs57519535
anacetrapib (mk-0859),CIDs135451019
db07268,CIDs16058637
sgc707,CIDs16666333
ac1l2qk3,CIDs09840076
ziprasidone,CIDs00060853
zinc139045355,CIDs11270783
achp,CIDs54676228
chembl3349015,CIDs56843850
chembl481512,CIDs46836227
wh-4-023,CIDs11844351
ly2334737,CIDs74222277
1-beta-d-xylofuranosyluracil,CIDs06445533
schembl12611449,CIDs00003559
ispinesib (sb-715992),CIDs16681698
didanosine,CIDs11609586
bisindolylmaleimide i,CIDs00002396
chir-98014,CIDs53396311
chembl3188572,CIDs00004006
ifosfamide-d4,CIDs00005834
ncgc00161834-01,CIDs86279165
m344,CIDs72716071
closantel,CIDs121232406
ml141,CIDs02950007
wz4003,CIDs57519524
dapoxetine,CIDs00071352
phenoxybenzamine hcl,CIDs00011273
framycetin sulfate,CIDs00051634
dabigatran etexilate,CIDs09578572
econazole,CIDs00100016
octopamine hydrochloride,CIDs05480230
meticrane,CIDs00442424
fluphenazine,CIDs54685215
frax1036,CIDs44545852
talc,CIDs25134326
tenofovir,CIDs44601455
biib021,CIDs16736529
amlodipine,CIDs00005070
u09q76b8vk,CIDs135398661
1062368-24-4,CIDs56956240
irosustat,CIDs05287541
raf265 (chir-265),CIDs06918003
chembl256963,CIDs25169382
pd1-pdl1 inhibitor 2,CIDs02747117
epoxomicin,CIDs00448799
bupivacaine hcl,CIDs70980530
ecdysterone,CIDs46843772
alvelestat,CIDs09863332
ncgc00167431-02,CIDs00449241
ro9021,CIDs06420138
cyt387,CIDs00003038
bracken fern toxic component,CIDs11713159
ch5132799,CIDs49784945
brinderdin,CIDs09827968
her2-inhibitor-1,NCGC00381504-01
chembl3348892,CIDs00037392
ki20227,CIDs09869779
fostamatinib (r788),CIDs11271909
d-penicillamine,CIDs00005852
dihydroartemisinin (dha),CIDs00005071
azasetron,CIDs00068871
gramine,CIDs00060810
flavopiridol hcl,CIDs66571643
ml329,CIDs12387471
667463-62-9,CIDs11520894
act 078,CIDs05312125
nvp-bvu972,CIDs44206063
1-hexadecanol,CIDs00492405
voreloxin,CIDs00003932
adenine hcl,CIDs00006099
ks-00001d5i,CIDs06539952
chembl3348930,CIDs06918616
jsh-23,CIDs00176155
ncgc00021925-04,CIDs00003519
900515-16-4,CIDs00265237
ak170455,CIDs46781940
sa-13353,CIDs25117126
halcinonide,CIDs70004430
sns-032 (bms-387032),CIDs09829162
gsk2126458 (gsk458),CIDs00065906
c-myc inhibitor,CIDs01271002
chembl3349004,CIDs44199317
32222-06-3,CIDs00108150
fluoxetine hcl,CIDs24864821
mk-2866 (gtx-024),CIDs25229450
cysteamine hcl,CIDs90408826
aee788 (nvp-aee788),CIDs56941241
endoxifen e-isomer,CIDs05495818
isoevodiamine,CIDs00004688
orphenadrine,CIDs00002123
chembl2132441,CIDs49803313
mx69,CIDs05477212
gsk 650394,CIDs25022668
histamine 2hcl,CIDs71600094
valsartan,CIDs00000936
azd8055,CIDs25262965
sb-612111,CIDs10047612
gbr 12935,CIDs00003456
aminophylline,CIDs00009433
451492-95-8,CIDs09800555
butenafine hcl,CIDs00107971
azd2014,CIDs25262792
sar020106,CIDs00004184
laetrile,CIDs00033036
ncgc00179454-04,CIDs25027363
chembl3183697,CIDs59634741
ncgc00016752-02,CIDs16038965
ly2811376,CIDs44251605
strontium ranelate,CIDs06918182
tic10,CIDs17754765
doxapram hcl,CIDs03476986
tetracycline hcl,CIDs09804433
pravastatin,CIDs00054687
ly411575,CIDs00130966
ml390,CIDs71768304
2-phenylcyclopropanamine,CIDs09196193
"2-propenoic acid, 3-[4-(1h-imidazol-1-ylmethyl)phenyl]-, (z)-",CIDs76849181
tm30089,CIDs11384493
sertraline hcl,CIDs00057004
ncgc00091032-08,CIDs17756618
chembl3348982,CIDs00004021
lumiracoxib,CIDs00441314
niraxostat,CIDs02723601
664969-54-4,CIDs134692378
catharanthine,CIDs00104842
g007-lk,CIDs00013520
tesmilifene,CIDs06917797
chembl2052019,CIDs25262792
chembl3349010,CIDs10427712
wz8040,CIDs44607531
azd7762,CIDs11152667
atazanavir,CIDs00108223
200484-11-3,CIDs00008515
unii-kxq762cqth,CIDs00164676
sodium phenylbutyrate,CIDs04096211
lithocholic acid,CIDs44480399
schembl8233739,CIDs00003114
gsk2256098,CIDs70789348
fmk-mea,CIDs118958122
ski ii,CIDs86345880
ha130,CIDs00456389
oxybuprocaine hcl,CIDs91885617
chembl3781751,CIDs11960529
1-(1-naphthylmethyl)piperazine,CIDs11409972
silibinin,CIDs72188357
ncgc00164566-02,CIDs09874912
pci-24781,CIDs44224257
atopaxar,CIDs10459564
co-1686 (avl-301),CIDs00003784
dolutegravir (gsk1349572),CIDs10158940
ly2090314,CIDs10029385
lb-100,CIDs03578572
alizapride hcl,CIDs05281321
ro4929097,CIDs49867930
ac1o7gnd,CIDs00002187
tws119,CIDs09549289
ncgc00095145-01,CIDs05318980
1h-indole-5-carboxamide,CIDs10286159
ncgc00263108-01,CIDs10475633
selenomethionine,CIDs05282435
1202884-94-3,CIDs09571836
triciribinephosphate,CIDs06445562
(phenylindolyl)maleimide deriv. 79,CIDs00104794
gsk126,CIDs68210102
gw843682x,CIDs09826308
17-hydroxypregn-4-en-20-yn-3-one,CIDs00008514
gw7647,CIDs03392731
go 6976,CIDs10095659
irbinitinib,CIDs51039094
ulipristal,CIDs25113758
7728-73-6,CIDs10341154
chembl2134570,CIDs06509979
azd7545,CIDs16741245
nitogenin,CIDs91885392
pomaglumetad methionil,CIDs25195354
1218942-37-0,CIDs11222830
guaifenesin,CIDs00071398
crystal violet,CIDs00449171
afatinib (bibw2992),CIDs44607531
otx008,CIDs00115355
sonolisib,CIDs00011057
gsk2982772,CIDs00252682
pramoxine hcl,CIDs71726792
gw9508,CIDs91623361
venlafaxine,CIDs00062923
epz-6438,CIDs66558664
ac1of4nf,CIDs56645961
chembl3348858,CIDs04248455
r406 (free base),CIDs16219720
d-pantothenic acid,CIDs50905713
gant61,CIDs00421610
gsk2981278,CIDs71604307
58131-57-0,CIDs00159324
chembl3348841,CIDs05318997
mefenamic acid,CIDs00002179
10-epi-aclacinomycin a,CIDs00006100
alpelisib(byl-719),CIDs05312122
chembl3348995,CIDs00441244
go 6983,CIDs00003499
th-302,CIDs11984561
"(2r,3r,4s,5r,6s)-2-(hydroxymethyl)-6-(4-hydroxyphenoxy)oxane-3,4,5-triol",CIDs00667477
saracatinib (azd0530),CIDs05329099
cardiogenol c,CIDs11151389
pd173074,CIDs50909779
chembl2143037,CIDs46883536
2-[4-[3-[(4-oxidanylidene-3~{h}-phthalazin-1-yl)methyl]phenyl]carbonylpiperazin-1-yl]pyridine-3-carbonitrile,CIDs118115473
yu238259,CIDs00004746
pancuronium dibromide,CIDs00102426
"(6r)-5,10-methylenetetrahydrofolate",CIDs05280723
ncgc00346661-01,CIDs25022339
glpg0974,CIDs24856436
i-bet-762,CIDs00004943
ly2228820,CIDs11570805
schembl3958507,CIDs117072552
dihydroquercetin,CIDs00003415
b i09,CIDs00005504
oprozomib (onx 0912),CIDs138109165
wye-125132 (wye-132),CIDs51346455
wz3146,CIDs06433118
nitrofural,CIDs05329102
zcl278,CIDs00153270
ncgc00344564-02,CIDs25195348
epz015666,CIDs90241673
chembl3348829,CIDs09952109
vx-809 (lumacaftor),CIDs04253236
prilocaine,CIDs23667631
ncgc00346969-01,CIDs73265211
xl388,CIDs59604787
180083-23-2,CIDs56968072
frax597,CIDs70934541
butoconazole,CIDs00047471
cyclovirobuxine,CIDs11526038
cinchonine,CIDs53469059
483-60-3,CIDs10322165
ncgc00167518-03,CIDs16654980
pf-2545920,CIDs00119373
prazosin,CIDs09906942
1262770-73-9,CIDs00676352
chembl3348890,CIDs54678924
amorolfine,CIDs00054259
ncgc00142605-03,CIDs00156418
zinc100015731,CIDs91754489
ranitidine,CIDs00241902
mek162,CIDs00001123
ncgc00163683-02,CIDs54576693
nms-1286937,CIDs00123631
sepantronium,CIDs00071815
ncgc00346827-01,CIDs06918155
ssr504734,CIDs09954539
121268-17-5,CIDs00014970
quizartinib (ac220),CIDs00026879
ly2886721,CIDs49837968
azd1480,CIDs16659841
ml-327,CIDs00005994
1352608-82-2,CIDs00444679
303727-31-3,CIDs00397888
509088-69-1,CIDs00013266
cct251921,CIDs06604042
ncgc00160531-01,CIDs71599640
brimonidine tartrate,CIDs54611489
ml315,CIDs46926514
tiplaxtinin,CIDs06450819
unii-s098k6hgd9,CIDs00003685
rose bengal,CIDs60167849
mls-0090801.0001,CIDs00766949
erythritol,CIDs00010208
kinome_3673,CIDs25021162
terbinafine,CIDs72706840
chembl3185999,CIDs53325875
celastrol,CIDs00177865
29883-15-6,CIDs09549298
cetirizine dihcl,CIDs25019940
betahistine 2hcl,CIDs00441401
sitagliptin phosphate monohydrate,CIDs00100094
podophyllotoxin,CIDs00010607
moroxydine hcl,CIDs60182388
azlocillin sodium salt,CIDs00941361
pheniramine maleate,CIDs00060953
chembl3348953,CIDs90488983
494772-87-1,CIDs10029385
1-methyl-d-tryptophan,CIDs00405012
s-ruxolitinib (incb018424),CIDs00006047
sar245409 (xl765),CIDs49864204
kpt-330,CIDs00077997
bentamapimod,CIDs10195250
wortmannin from penicillium funiculosum,CIDs24963252
gtpl6731,CIDs73755240
gsk1838705a,CIDs25182616
chembl3348905,CIDs00006135
chembl3349002,CIDs10253143
td139,CIDs73774610
amg 548,CIDs56846691
cathepsin inhibitor 1,CIDs54675769
dimethyl but-2-enedioate,CIDs05281899
jnj-26854165 (serdemetan),CIDs00005073
mavelertinib,CIDs03009355
ml369,CIDs56846691
ci994 (tacedinaline),CIDs58486178
duloxetine,CIDs00060834
ncgc00178127-04,CIDs00134601
ncgc00346737-01,CIDs00208908
cdk\\/crk inhibitor,CIDs25229526
pracinostat (sb939),CIDs59239165
946128-88-7,CIDs135705561
chromocarb,CIDs05323714
ncgc00346589-01,CIDs05081913
cyclizine 2hcl,CIDs00006303
bix 02189,CIDs05462355
ibutamoren,CIDs119081417
cct137690,CIDs25154041
ki16198,CIDs15953832
ibuprofen,CIDs78426698
tolfenamic acid,CIDs134828256
nvp-bep800,CIDs25210273
pu-ws13,CIDs71660551
schembl82368,CIDs05280443
norbinaltorphimine,CIDs36295259
trimethyl glycine,CIDs135742497
chlorhexidine base,CIDs05481350
atracurium besylate,CIDs135398508
ml364,CIDs70789348
mosapride,CIDs00119583
sorbitol,CIDs00006252
sodium ascorbate,CIDs121513867
potassium iodide,CIDs44224257
chembl3348886,CIDs23116321
linifanib (abt-869),CIDs00000144
5-7-dihydroxyflavone,CIDs71557891
liothyronine sodium,CIDs00150311
ticlopidine hcl,CIDs00132971
rutin,CIDs73330445
chembl2144205,CIDs11159621
859853-30-8,CIDs05281915
schembl20400776,CIDs67324851
chembl1824695,CIDs00005212
frax486,CIDs68060125
clomipramine,CIDs00009651
emd638683,CIDs44182398
cot inhibitor-2,CIDs44143370
chembl3103040,CIDs25195294
n-desmethyl imatinib,CIDs09869737
chembl2107334,CIDs00446727
gs-9620,CIDs46241268
cromoglycate,CIDs00439525
chembl3103000,CIDs11313361
ritodrine hcl,CIDs00037393
xct790,CIDs06918788
hyoscyamine,CIDs00448042
ro4987655,CIDs11548630
(r)-(-)-rolipram,CIDs00064627
dabrafenib (gsk2118436),CIDs44462760
chembl2132584,CIDs54676905
schembl12175228,CIDs46885626
ncgc00163424-03,CIDs00005748
chembl75474,CIDs46175189
unc0638,CIDs46224516
chembl3348883,CIDs06435415
(±)-taxifolin,"CIDs00000471
"
1293395-67-1,CIDs11520894
molport-042-665-727,CIDs09927531
ropivacaine hcl,CIDs00005090
molmap_000049,CIDs42611257
chembl258622,CIDs16118392
ncgc00165799-02,CIDs46245328
nitrendipine,CIDs05318517
avl-292,CIDs10195250
11-cis retinoic acid,CIDs00644241
ac1lu7hw,CIDs00454216
guanabenz acetate,CIDs16052038
urb597,CIDs00154234
1265229-25-1,CIDs10026128
vx-11e,CIDs11634725
ak174336,CIDs00003339
fenebrutinib,CIDs00156867
canertinib (ci-1033),CIDs67418070
fluvoxamine maleate,CIDs10354063
amiodarone,CIDs57928435
triflusal,CIDs68165256
azd3514,CIDs46893585
ncgc00347908-01,CIDs46927888
mls003678589,CIDs11493841
chembl1950303,CIDs57394468
10-deacetylbaccatin iii,CIDs00154272
35922-06-6,CIDs00657298
nifedipine,CIDs09938280
gsk343,CIDs71268957
maprotiline hcl,CIDs86763204
bs194,CIDs00004122
azilsartan,CIDs00003475
quinacrine dihydrochloride dihydrate,CIDs118869362
at7867,CIDs11175137
155206-00-1,CIDs05329098
chembl3856067,CIDs73010923
chembl3814532,CIDs00001805
hapa-gentamycin b,CIDs59757974
hsp990,CIDs44299325
azd0156,CIDs60167849
vatalanib (ptk787) 2hcl,CIDs11640390
lenvatinib (e7080),CIDs118086034
azacyclonol,CIDs91885989
cyproheptadine,CIDs00003197
pasiniazid,CIDs00443872
flavoxate hcl,CIDs53380437
1101810-02-9,CIDs71311906
srt3025,CIDs46245047
az 3146,CIDs56973724
simurosertib,CIDs06918848
905579-51-3,CIDs00056463
luminespib,CIDs25127713
chembl258696,CIDs00667528
erk 11e,CIDs44205240
arn-509,CIDs24872560
phenytoin sodium,CIDs00400633
gdc-0980 (rg7422),CIDs09826308
130332-27-3,CIDs49830260
yohimbine hcl,CIDs00196970
mocravimod,CIDs71750775
su-14813,CIDs57393692
chembl129857,CIDs00119245
flecainide,CIDs24937012
gsk1016790a,CIDs23630211
gw0742,CIDs09934458
vortioxetine (lu aa21004) hbr,CIDs00071773
quinine hcl dihydrate,CIDs06915944
tandutinib (mln518),CIDs121231417
chembl130321,CIDs16718576
chembl3348961,CIDs09950176
a 839977,CIDs11347535
tiotropium bromide hydrate,CIDs00119182
853910-02-8,CIDs44135961
gyki-52466,CIDs44519123
wz4002,CIDs44607530
zinc896472,CIDs00127150
ncgc00179363-03,CIDs00065752
lxs196,CIDs00158781
gsk2801,CIDs73010930
sf2523,CIDs00022576
chembl3348922,CIDs11494412
473382-39-7,CIDs00003038
darolutamide,CIDs138403279
unii-bxu45zh6li,CIDs00440936
provitamin a1,CIDs00071352
dopamine hcl,CIDs51371303
jzl184,CIDs25021165
naringin dihydrochalcone,CIDs53239854
409345-29-5,CIDs06419884
nebivolol hydrochloride,CIDs09930913
fasudil,CIDs10096344
brl-54443,CIDs24794418
sgc2085,CIDs00007638
chembl1364159,CIDs11496628
sb 202190,CIDs23681107
zinc208949883,CIDs03005572
vps34 inhibitor 1 (compound 19- pik-iii analogue),CIDs118572065
gsk481,CIDs71626896
az 628,CIDs11676786
tetrahydrozoline hcl,CIDs71308299
schembl15622193,CIDs73265331
ac1ofcd4,CIDs49830258
218137-86-1,CIDs00083895
brefeldin a,CIDs05287620
homoharringtonine,CIDs00285033
183321-86-0,CIDs00151536
866323-14-0,CIDs00002771
928774-43-0,CIDs78357816
ml240,CIDs49830258
ncgc00263148-01,CIDs134327298
indotecan hydrochloride,CIDs11625818
talampanel,CIDs00164509
fingolimod,CIDs00107969
chembl2325079,CIDs46216796
flopropione,CIDs54765302
fingolimod (fty720) hcl,CIDs00003747
cobimetinib (r-enantiomer),CIDs00115107
ki8751,CIDs11317348
as1949490,CIDs44473434
tepotinib,CIDs11347535
chebi:47495,CIDs56649281
pd 150606,CIDs09839500
schembl2263525,CIDs00004212
876310-02-0,CIDs46192505
chembl387477,CIDs71768304
nu6027,CIDs00398148
flumethasone,CIDs09854073
chembl3348895,CIDs66577038
at13387,CIDs11955716
ncgc00016330-01,CIDs122197581
38194-50-2,CIDs00073087
gsk1904529a,CIDs25124816
mln8054,CIDs11712649
ergosterine,CIDs00114869
"{(3r,4r)-4-methyl-3-[methyl(7h-pyrrolo[2,3-d]pyrimidin-4-yl)amino]piperidin-1-yl}(pyrrolidin-1-yl)methanone",CIDs44251605
chembl3348924,CIDs66613669
stemregenin 1 (sr1),CIDs00521106
(e)-n-methyl-2-((3-(2-(pyridin-2-yl)vinyl)-1h-indazol-6-yl)thio)benzamide,CIDs03025986
adonitol,CIDs00016886
oxymetazoline,CIDs00405012
176977-56-3,CIDs06437380
chembl3348956,CIDs11656518
azd5438,CIDs16747683
u0126,CIDs03006531
avanafil,CIDs00006175
az191,CIDs72716071
141400-58-0,CIDs00003446
cimetidine,CIDs05289418
al 8697,CIDs00041022
ak-77283,CIDs25227462
masitinib (ab1010),CIDs00051039
476477-15-3,CIDs05282407
btz043 racemate,CIDs00174174
ml216,CIDs49852229
salbutamol,CIDs00002083
oleanolic acid (caryophyllin),CIDs00099474
ncgc00263527-02,CIDs00062881
saridegib,CIDs25027363
ncgc00347283-01,CIDs73265338
volasertib (bi 6727),CIDs03052762
r547,CIDs05487426
bibr 1532,CIDs11452716
chembl3348927,CIDs05284587
methimazole,CIDs05284330
cinacalcet hcl,CIDs09801969
314042-01-8,CIDs00021704
oxybutynin,CIDs09907323
tacrine hcl,CIDs00114750
gsk837149a,CIDs00137994
osthole,CIDs00010228
geniposide,CIDs05281807
uk 383367,CIDs56953649
fenticonazole,CIDs00051754
kpt-185,CIDs00122724
plx7904,CIDs118036971
57-22-7,CIDs00005394
cyclocytidine hcl,CIDs00657237
"3\',4\'-diacetylafzelin",CIDs02155128
ml130 (nodinitib-1),CIDs00213039
ac1l1ijy,CIDs01362865
sar405838,CIDs02882155
trametinib (gsk1120212),CIDs09818682
34933-06-7,CIDs00003795
dsstox_cid_31408,CIDs11349170
pac 1,CIDs118986645
gm 1489,CIDs10322165
phenoxodiol,CIDs00219100
neoprofen,CIDs12003241
cubicin,CIDs05330286
1155877-97-6,CIDs11647372
ac1of340,CIDs03085106
936091-56-4,CIDs24996872
semagacestat (ly450139),CIDs00107935
erismodegib,CIDs00010235
gsk682753a,CIDs11467934
zinc250325905,CIDs05495818
ncgc00344622-02,CIDs00034633
buparlisib,CIDs05284631
ly2784544,CIDs25062766
145986-26-1,CIDs09799389
888719-03-7,CIDs16736978
ncgc00183677-03,CIDs46944259
gsk256066,CIDs09827968
eprazinone 2hcl,CIDs00013387
ac1o53dl,CIDs49852229
ml347,CIDs44577753
org 25935,CIDs71577426
azd2461,CIDs44199317
2-propylpentanoate,CIDs00010494
chembl3348949,CIDs44137675
pranlukast,CIDs00004887
ncgc00346609-01,CIDs02733525
kx2-391,CIDs23635314
944341-54-2,CIDs09865587
amiloride hcl,CIDs76324808
nu6102,CIDs07251185
chembl2137189,CIDs00004418
chembl2141387,CIDs00004107
ml161,CIDs00029243
(-)-ethyl apovincaminate,CIDs00115366
ikk-16 (ikk inhibitor vii),CIDs00004915
ncgc00386177-01,CIDs00005819
79558-09-1,CIDs00515328
c646,CIDs92044379
80306-38-3,CIDs24753719
5-(((5-chloro-2-methylpyridin-3-yl)amino)methyl)-n-(3-cyclopentyl-1-(cyclopropylamino)-1-oxopropan-2-yl)thiophene-2-carboxamide,CIDs00689043
sb408124,CIDs10310632
ac1lakoz,CIDs24857323
tie2 kinase inhibitor,CIDs23625762
vincristine,CIDs60138149
ly2874455,CIDs46944259
ar-a014418,CIDs89921395
daclatasvir (bms-790052),CIDs53357478
ikk-3 inhibitor,CIDs11626927
obatoclax mesylate (gx15-070),CIDs09872609
mitoxantrone hcl,CIDs00158758
chembl3184303,CIDs00084759
imd 0354,CIDs00060651
936091-15-5,CIDs05284513
lomefloxacin hcl,CIDs00005881
ku-55933 (atm kinase inhibitor),CIDs00004674
sb203580,CIDs00158797
117048-62-1,CIDs00219078
sb415286,CIDs16725316
nsc 663284,CIDs11848206
tilmicosin,CIDs00003463
gsk2334470,CIDs46215815
9-cis acitretin,CIDs11491176
terbinex,CIDs91933867
selegiline,CIDs90642938
zm 447439,CIDs11304743
compb,CIDs05311194
ldk378,CIDs00147569
thz2,CIDs00065958
sb 239063,CIDs00005166
gw768505a,CIDs00176167
sr9243,CIDs00637568
chembl3322515,CIDs23696523
amg-517,CIDs00006883
"l-690,330",CIDs00132449
rivastigmine,CIDs00077990
215303-72-3,CIDs06918638
sitaxsentan,CIDs00216235
1314241-44-5,CIDs00051081
201943-63-7,CIDs57379345
caa0225,CIDs50909779
sc144,CIDs44237094
t0070907,CIDs44591583
lidocaine,CIDs00441203
220619-73-8,CIDs00004500
chembl3348935,CIDs25195354
tasisulam,CIDs05311257
vancomycin hcl,CIDs54675783
js-k,CIDs72734520
nafamostat mesylate,CIDs00064715
227088-94-0,CIDs00072139
pd-1\\/pd-l1 inhibitor 1,CIDs06364534
schembl3619307,CIDs121277860
"6-(7-hydroxy-6,7-dihydro-5h-pyrrolo[1,2-c]imidazol-7-yl)-n-methyl-2-naphthamide",CIDs00442972
ncgc00253909-01,CIDs00072303
"{2-[(2,6-dichlorophenyl)amino]phenyl}acetate",CIDs00063009
chembl2140543,CIDs09807431
gsk1292263,CIDs24996872
ncgc00345821-01,CIDs09869779
wnt-c59 (c59),CIDs57339147
cx-4945 (silmitasertib),CIDs11249248
alfuzosin,CIDs00009049
afuresertib,CIDs67469084
sr9011,CIDs57394021
jzl195,CIDs46232606
du-21220,CIDs05478883
gsk583,CIDs10173277
ac1layfc,CIDs00006613
"2-(3,7,11-trimethyldodeca-2,6,10-trienylsulfanyl)benzoic acid",CIDs76073169
phenoxybenzamine,CIDs03035850
chembl2170099,CIDs59548184
rd 162,CIDs11957756
foretinib (gsk1363089),CIDs09549295
mkc3946,CIDs56844015
siponimod,CIDs44599207
ncgc00346501-01,CIDs05280453
indimitecan hydrochloride,CIDs11219835
315703-52-7,CIDs10201696
gsk3787,CIDs02800647
pyridoxine hcl,CIDs44187362
202590-98-5,CIDs00177358
flunixin meglumin,CIDs11630874
naloxone hcl,CIDs05362124
ink 128 (mln0128),CIDs00003052
nystatin (fungicidin),CIDs00002404
zinc117147304,CIDs00164509
safinamide,CIDs70983932
1233948-35-0,CIDs11598628
patupilone,CIDs00448013
(e)-1-(4-((6-amino-5-((methoxyimino)methyl)pyrimidin-4-yl)oxy)-2-chlorophenyl)-3-ethylurea,CIDs73777259
etofibrate,CIDs46909588
ponatinib (ap24534),CIDs11499245
502137-98-6,CIDs42609849
zinc28538988,CIDs57336812
chembl2143157,CIDs70934541
amfebutamone hcl,CIDs05287969
bfh772,CIDs09823820
azd8797,CIDs10275789
temocapril hcl,CIDs00443873
dcc-2036 (rebastinib),CIDs00005920
sulpiride,CIDs49843531
cetirizine,CIDs00002678
batimastat (bb-94),CIDs54677946
levomycin,CIDs00003197
cyc116,CIDs06420138
ncgc00162383-02,CIDs11689883
ym 511,CIDs00177865
azd6482,CIDs78357764
glycyl-h 1152,CIDs11976582
olprinone hydrochloride,CIDs44180156
propafenone hcl,CIDs46926360
enzalutamide (mdv3100),CIDs00119192
tivozanib (av-951),CIDs46232606
raf709,CIDs03038525
gw3965,CIDs00002678
gsk2578215a,CIDs68107965
zinc11616871,CIDs117779453
ac1l9b3j,CIDs03011155
chembl3348891,CIDs00005328
chembl2134016,CIDs24785538
gsk 525768a,CIDs52934127
ncgc00181306-03,CIDs16741245
chebi:95054,CIDs00260439
schembl2105915,CIDs11501591
ampk activator,CIDs16760291
ncgc00163547-01,CIDs44155856
gdc-0068,CIDs24788740
ncgc00346660-01,CIDs00072466
guanidine hcl,CIDs54680692
nu7441 (ku-57788),CIDs06445540
schembl2227980,CIDs00656516
(-)-huperzine a (hupa),CIDs118705186
vorasidenib,CIDs00446155
irak inhibitor 5,CIDs02733526
tizanidine hcl,CIDs11774935
vps34 inhibitor 1,CIDs67983918
ncgc00263226-01,CIDs51039094
milciclib (pha-848125),CIDs00057030
dsstox_cid_28582,CIDs09927978
fg-4592,CIDs11256664
ssr 69071,CIDs09872438
gw788388,CIDs10202642
ribociclib,CIDs44631912
triclabendazole,CIDs01383884
308246-52-8,CIDs00789882
ak198640,CIDs09826309
trichostatin a (tsa),CIDs06505803
benzydamine hcl,CIDs00003108
cct128930,CIDs17751819
nutlin-3b,CIDs68289010
ac1ofcjy,CIDs00387447
combretastatin a4,CIDs25118925
lappaconite hbr,CIDs00003797
sb743921,CIDs11243969
sns-314 mesylate,CIDs24995523
secinh3,CIDs01029232
chembl3348925,CIDs56846693
diphemanil methylsulfate,CIDs05702083
zinc84688828,CIDs17754438
sulfisoxazole,CIDs00005344
dbeq,CIDs00676352
pd168393,CIDs00130904
luteolin,CIDs05280445
ncgc00014911-01,CIDs00107778
chebi:94798,CIDs72551585
edo-s101,CIDs44250175
ornidazole,CIDs04210951
pd173955,CIDs00447077
pd173955,CIDs00447077
pf-00562271,CIDs73265220
1144035-53-9,CIDs09846180
a922500,CIDs135659063
bosentan hydrate,CIDs00498162
2'-3'-dideoxyinosine,CIDs00036314
zinc101112865,CIDs44551660
unc0646,CIDs53315882
entecavir hydrate,CIDs77108121
ethambutol hcl,CIDs00462382
raf265 derivative,CIDs135403647
155148-31-5,CIDs00005591
tpop146,CIDs42642654
procaterol,CIDs78320408
1088965-37-0,CIDs57381425
adrenalone hcl,CIDs91933883
suvorexant (mk-4305),CIDs46926350
ly294002,CIDs05284613
ncgc00262689-01,CIDs11399764
1169562-71-3,CIDs71664305
bay 41-2272,CIDs09798973
azd6738,CIDs00002733
at9283,CIDs06323266
scopolamine hbr,CIDs25227436
199433-58-4,CIDs05362420
ncgc00346563-01,CIDs00002159
zstk474,CIDs11647372
bromfenac sodium,CIDs00003950
az 960,CIDs25099184
942183-80-4,CIDs74891361
jnj-7777120,CIDs03045381
aloin b,CIDs10152654
tg101209,CIDs16722832
azaperone,CIDs23662354
fgf401,CIDs71307581
fenoprofen calcium,CIDs11953346
serotonin hcl,CIDs00216322
glutaminase c-in-1,CIDs00064982
zinc38139483,CIDs52912189
cloxacillin sodium,CIDs46832368
pd166285,CIDs05311382
sr 1664,CIDs00002044
phthalylsulfacetamide,CIDs00107807
chembl2142962,CIDs00163659
944328-88-5,CIDs23836158
"benzoic acid, 2-[[3-(3,4-dimethoxyphenyl)-1-oxo-2-propenyl]amino]-",CIDs03392731
conivaptan hcl,CIDs09795278
dl-carnitine hcl,CIDs00001401
"dibenz[b,e]oxepin-2-aceticacid, 11-[3-(dimethylamino)propylidene]-6,11-dihydro-, (11z)-",CIDs00043116
az20,CIDs00004713
methyl-hesperidin,CIDs135421197
gsk429286a,CIDs11373846
bis(2-methoxyethyl) phthalate,CIDs24771824
gsk484,CIDs00082153
sb 206553,CIDs11998575
sgi-1776 free base,CIDs05281377
sar405,CIDs72709209
ks-00000y5e,CIDs00448601
xylazine hcl,CIDs24795070
gsk2837808a,CIDs00121587
ethyl bromopyruvate,CIDs00004641
gsk872,CIDs44603362
ncgc00016641-01,CIDs00071354
gossypol,CIDs00003503
ncgc00186013-01,CIDs00006758
nsc23925,CIDs03006531
chembl213634,CIDs54706679
caffeic acid phenethyl ester,CIDs05494449
tic10 isomer,CIDs56649450
plerixafor,CIDs00065014
palomid 529 (p529),CIDs00073078
diacerein,CIDs00004911
krn 633,CIDs135403620
chebi:63449,CIDs00060753
1616392-22-3,CIDs05287541
chembl3348872,CIDs11712649
ccg 50014,CIDs00176158
indisulam,CIDs00216468
"[8s-(4e,6z,8r*,9r*,10e,12r*,13s*,14r*,16s*)]-9-[(aminocarbonyl)oxy]-13-hydroxy-8,14,19-trimethoxy-4,10,12,16-tetramethyl-2-azabicyclo[16.3.1]docosa-4,6,10,18,21-pentaene-3,20,22-trione",CIDs54758501
bms 299897,CIDs00073303
tg101348 (sar302503),CIDs11685945
zinc34894448,CIDs16666708
ncgc00345810-01,CIDs05284447
gsk2656157,CIDs53469059
levodropropizine,CIDs00064710
dimaprit 2hcl,CIDs00004474
qcr-20,CIDs57519543
ly2940680,CIDs49848070
gsk2606414,CIDs53469448
198474-05-4,CIDs00005418
1221186-53-3,CIDs44460130
at7519,CIDs11338033
zinc pyrithione,CIDs136173253
sb216763,CIDs11393719
zinc18182079,CIDs06440181
ncgc00481082-01,CIDs68856073
st 2825,CIDs101501484
quinazolin-4-ylamine,CIDs00003973
dmxaa (vadimezan),CIDs10240275
krp-297,CIDs00151183
ac1limnp,CIDs00004788
pp121,CIDs24905142
ly2409881 trihydrochloride,CIDs06178111
conivaptan,CIDs05312137
"(3alpha,5beta,7alpha)-3,7-dihydroxycholan-24-oic acid",CIDs01204893
ctk8f0346,CIDs00023009
chembl1836853,CIDs53484170
952021-60-2,CIDs117996749
891494-64-7,CIDs46216796
benazepril hcl,CIDs00169371
chembl3128069,CIDs00027400
ncgc00263265-01,CIDs57519524
bethanechol,CIDs00071478
193746-75-7,CIDs00104865
clindamycin palmitate hcl,CIDs00082146
norepinephrine,CIDs03474778
ym 12617,CIDs00004211
chembl178737,CIDs11442891
bi 2536,CIDs11364421
chembl3348987,CIDs44465558
osu-03012 (ar-12),CIDs00688272
chembl3184387,CIDs135449292
cep-18770 (delanzomib),CIDs00064971
gsk461364,CIDs00222284
alisertib (mln8237),CIDs25212148
110448-33-4,CIDs00115000
fmau,CIDs16038374
rg108,CIDs00068313
imidapril hcl,CIDs05447130
luliconazole,CIDs58298318
l-hyoscyamine,CIDs00446378
chembl562308,CIDs00044383
252916-29-3,CIDs03342298
ncgc00017254-02,CIDs23663991
diclofenac potassium,CIDs00791637
unii-j2h993jf5q,CIDs52934180
bi-671800,CIDs00005790
unc2025,CIDs73425588
"2-[(5z)-5-[(2z)-2-methyl-3-phenylprop-2-en-1-ylidene]-4-oxo-2-sulfanylidene-1,3-thiazolidin-3-yl]acetic acid",CIDs00071386
succinylcholine chloride dihydrate,CIDs00421610
su11274,CIDs16222379
amg 925,CIDs60202647
chembl1878119,CIDs02765355
ncgc00018159-01,CIDs25108829
bay1125976,CIDs00151183
sulconazole nitrate,CIDs00064646
gsk864,CIDs05478927
1047953-91-2,CIDs09914412
iem 1754 dihydrobromide,CIDs00123619
asp3026,CIDs25134326
lorcaserin hcl,CIDs52912222
145158-71-0,CIDs00005429
bosutinib (ski-606),CIDs09918559
chembl3348881,CIDs24967599
unc1999,CIDs72551585
regorafenib (bay 73-4506),CIDs00003690
chlorogenic acid,CIDs00071992
chembl1090466,CIDs56970298
c10h10o4,CIDs86278937
sar131675 racemate,CIDs11858109
ncgc00160515-03,CIDs00009003
nvp-adw742,CIDs09825149
homatropine bromide,CIDs73755240
naproxen,CIDs01893668
ncgc00347282-01,CIDs73265321
(+\\/-)-sulfinpyrazone,CIDs00003686
akt-i-1-2,CIDs118414016
ncgc00346559-01,CIDs76553518
chembl3348946,CIDs00001047
chembl3348884,CIDs01548943
chembl39740,CIDs00071420
ncgc00095055-03,CIDs00155434
357263-14-0,CIDs00457193
ncgc00025091-04,CIDs91668547
pevonedistat,CIDs16720766
nicaraven,CIDs24889392
chembl3184424,CIDs51001932
chembl2140838,CIDs02828334
onx-0914 (pr-957),CIDs121499143
plx8394,CIDs60196361
cct251545,CIDs90241673
varlitinib,CIDs10311306
ncgc00250393-01,CIDs54677971
etp-46464,CIDs45375808
rivafurazon,CIDs11175137
mln120b,CIDs09929127
ncgc00263944-01,CIDs46843057
zm 336372,CIDs00005730
16-16-dimethyl pge2,CIDs05283066
arbidol hcl,CIDs00001345
jnj-1661010,CIDs02742550
epz005687,CIDs60160561
gsk2879552,CIDs00131411
piboserod,CIDs00177335
96036-03-2,CIDs135564841
chembl3348869,CIDs54611422
otilonium,CIDs00004679
ncgc00163548-02,CIDs00003373
crotaglin,CIDs11612883
p276-00,CIDs09902100
caffeine citrate,CIDs00005210
476159-98-5,CIDs73265219
ac1nrbje,CIDs05281078
"2-methoxy-3,17beta-dihydroxyestra-1,3,5(10)-triene",CIDs00003367
cinepazide maleate,CIDs00115269
ml133 hcl,CIDs135423438
cyclobenzaprine,CIDs00005746
semaxanib (su5416),CIDs71494949
pd318088,CIDs10231331
ncgc00263268-01,CIDs06918029
1239610-44-6,CIDs00005169
chembl1625478,CIDs11387605
barasertib (azd1152-hqpa),CIDs00002519
incb28060,CIDs25145656
propranolol hcl,CIDs57403180
chembl2426174,CIDs71300295
golvatinib (e7050),CIDs126843232
67469-78-7,CIDs00026758
xrp44x,CIDs10339779
unc1215,CIDs57339144
phenytoin,CIDs00443955
nsc 242267,CIDs00003825
orotic acid (6-carboxyuracil),CIDs03038502
zinc208951860,CIDs09933475
vilazodone hcl,CIDs05459840
chembl3348860,CIDs51042438
(r)-bicalutamide,CIDs09803963
verubecestat,CIDs51352361
"1-(2,4-dihydroxyphenyl)-3-(4-hydroxyphenyl)prop-2-en-1-one",CIDs73425588
bromhexine hcl,CIDs00006215
ruski-201 dihydrochloride,CIDs66575373
vicriviroc,CIDs03009355
fluvastatin sodium,CIDs00053275
ncgc00090808-03,CIDs71307851
hmn-214,CIDs09888590
302-53-4,CIDs24857286
su5402,CIDs05289418
mmp inhibitor v,CIDs09888141
schembl12880048,CIDs11964036
schembl2300706,CIDs71291068
mk-8745,CIDs06918427
zinc242723022,CIDs00003922
717906-29-1,CIDs00060871
449811-92-1,CIDs25161177
chembl3348948,CIDs00002381
gsk503,CIDs00068553
tropicamide,CIDs05280794
d-mannitol,CIDs00001645
chembl1706858,CIDs72165228
ac1l34yq,CIDs25017411
schembl1614292,CIDs42647289
ha14-1,CIDs00002567
flupirtine,CIDs00053275
tecalcet,CIDs06918223
as601245,CIDs54608520
ncgc00017394-08,CIDs24826799
chembl1643208,CIDs00060662
1096708-71-2,CIDs03019427
sibutramine,CIDs00005210
torin 2,CIDs51358113
chir-98023,CIDs54576299
dideoxycytidine 5\'-triphosphate,CIDs00005323
chembl3348934,CIDs129316185
torsemide,CIDs21763506
selumetinib (azd6244),CIDs00050515
tae226 (nvp-tae226),CIDs09838712
ncgc00262398-02,CIDs09819382
almotriptan malate,CIDs05311180
guanethidine sulfate,CIDs04075607
ncgc00163474-05,CIDs00010133
azd5363,CIDs25227436
cutamesine,CIDs09907323
ro 51,CIDs00039186
schembl16126186,CIDs71521142
propafenone,CIDs23232014
17-aag (tanespimycin),CIDs53247060
ncgc00178852-05,CIDs00003397
azd8931 (sapitinib),CIDs00068712
ncgc00263106-01,CIDs00003675
chembl3348918,CIDs06918852
mcc950,CIDs03034034
ly3009120,CIDs00091649
bestatin,CIDs00072172
schembl652920,CIDs54575456
ncgc00346524-01,CIDs06476900
ly2857785,CIDs00041774
7553-53-9,CIDs25226483
145-13-1,CIDs58221879
warfarin,CIDs00068617
pf 184,CIDs10202642
indacaterol maleate,CIDs00066259
taselisib,CIDs51001932
cay10603,CIDs135430323
jnk inhibitor ix,CIDs00766949
amantadine hcl,CIDs16049404
procaine hcl,CIDs25031915
retapamulin,CIDs09826528
azd3965,CIDs11976582
ncgc00346438-01,CIDs11552706
gsk2636771,CIDs56949517
942487-16-3,CIDs00667490
chembl3186716,CIDs03033825
ouabain,CIDs00439501
gw5074,CIDs23663974
ziprasidone hcl,CIDs53392493
mrt67307,CIDs44464263
300842-64-2,CIDs09907093
chembl3348847,CIDs06918182
sclareol,CIDs46398810
ta-02,CIDs11960271
pd 198306,CIDs09956637
chembl3348950,CIDs25023738
chembl1242367,CIDs00005401
zoledronic acid hydrate,CIDs24180125
"ly-310,762",CIDs00160355
885692-52-4,CIDs00072092
ncgc00167798-01,CIDs11671467
38609-97-1,CIDs00072311
chembl3348914,CIDs05311272
elaiophylin,CIDs06444206
gsk1059615,CIDs23582824
mocetinostat (mgcd0103),CIDs00035802
auy922 (nvp-auy922),CIDs25093235
talarozole,CIDs23681059
beclomethasone dipropionate,CIDs44139710
ent-lamivudine,CIDs09839500
bacitracin,CIDs09820008
xylometazoline hcl,CIDs10047612
39711-79-0,CIDs00004054
cct241533,CIDs00062907
chembl2140972,CIDs00004421
"usnic acid, d-",CIDs135398742
887650-05-7,CIDs10226546
mln9708,CIDs23625762
i-bet151 (gsk1210151a),CIDs10367662
(6-)e-<u+200b>aminocaproic acid,CIDs00000564
cgs 21680,CIDs00005430
ac1l1euk,CIDs03033968
arq 621,CIDs10302451
gsk269962a,CIDs16095342
schembl185621,CIDs09819927
ly404039,CIDs71245288
trifluoperazine 2hcl,CIDs00065999
bqu57,CIDs77845606
pdk1 inhibitor,CIDs49766501
1-[2-fluoro-5-(trifluoromethyl)phenyl]-3-[4-methyl-3-[[(3z)-2-oxo-3-(1h-pyrrol-2-ylmethylidene)-1h-indol-6-yl]amino]phenyl]urea,CIDs44428656
doxorubicin (adriamycin),CIDs53388144
ncgc00346590-01,CIDs11581936
bam7,CIDs49839561
108341-18-0,CIDs46927297
zinc208012538,CIDs05287792
pf-04929113 (snx-5422),CIDs05309446
anisotropine methylbromide,CIDs46916694
chembl3348967,CIDs00010219
prazosin hcl,CIDs70679466
ncgc00016552-01,CIDs121237856
huperzine a,CIDs00854026
309928-48-1,CIDs11152667
nsc 23766,CIDs123132228
tianeptine sodium,CIDs10090485
112648-68-7,CIDs09934283
chembl3182364,CIDs73265220
schembl13210325,CIDs25210273
hydroxyzine 2hcl,CIDs00032874
chembl3393439,CIDs00073364
buthionine sulfoximine,CIDs00021157
chembl2018451,CIDs00005849
eletriptan hbr,CIDs57703712
chembl3972653,CIDs00121892
ncgc00090797-11,CIDs25226117
"6-(3-chlorophenyl)pteridine-2,4,7-triamine",CIDs00005878
uprosertib,CIDs51042438
pd-153035,CIDs00004705
azd-3463,CIDs56599293
kartogenin,CIDs02826191
dienestrol,CIDs00667476
sj-172550,CIDs01317464
ipatasertib,CIDs24788740
caroverine,CIDs00065709
sb-431542,CIDs04521392
oxytetracycline,CIDs54675779
dronedarone hydrochloride,CIDs00219025
meloxicam,CIDs54677470
cromoglycate,CIDs00027503
onalespib,CIDs11955716
clindamycin,CIDs00446598
ganetespib (sta-9090),CIDs135564985
rx-5902 (supinoxin),CIDs11619093
tak-593,CIDs24767976
chloroquine,CIDs00002719
zosuquidar trihydrochloride,CIDs00153997
dabrafenib (gsk2118436),CIDs44462760
combretastatin a-4,CIDs05351344
prt-062607,CIDs44462758
telaprevir (vx-950),CIDs03010818
secin h3,CIDs01029232
er 819762,CIDs42596951
sumatriptan succinate,CIDs00059772
dihydroartemisinin,CIDs00456410
tm-30089,CIDs11384493
biochanin a,CIDs05280373
aspirin,CIDs00002244
as-605240,CIDs05289247
marimastat,CIDs00119031
rotundine,CIDs00072301
rgb-286147,CIDs135473382
arecoline,CIDs00002230
(±)-taxifolin,"CIDs00000471
"
carmustine,CIDs00002578
metenkephalin,CIDs00443363
decernotinib,CIDs59422203
aee-788,CIDs10297043
tacrine,CIDs00001935
xrp-44x,CIDs10339779
pik-90,CIDs06857685
capmatinib,CIDs25145656
daprodustat,CIDs91617630
ml238,CIDs49849912
ondansetron,CIDs00004595
btm-2c-dimer ketone,CIDs72188603
emd-638683,CIDs44182398
azd-4547,CIDs51039095
clopidogrel,CIDs00060606
zolmitriptan,CIDs00060857
methyldopa,CIDs00038853
leflunomide,CIDs00003899
irak-1-4 inhibitor i,CIDs11983295
octylonium bromide,CIDs00072092
streptomycin (sulfate),CIDs00019648
tibolone,CIDs00444008
l-690330,CIDs00132449
isoproterenol,CIDs00003779
sipatrigine,CIDs00060803
nu-6102,CIDs00004566
evodiamine,CIDs00442088
3-bdo,CIDs16216349
mifepristone,CIDs00055245
thiazovivin,CIDs46209426
lomefloxacin hydrochloride,CIDs00068624
xmd8-87,CIDs53322923
dovitinib,CIDs135398510
zaltoprofen,CIDs00005720
moroxydine,CIDs00071655
budesonide,CIDs05281004
oxfendazole,CIDs00040854
lumacaftor,CIDs16678941
sd-208,CIDs10316032
ku-60019,CIDs15953870
amiodarone,CIDs00441325
cephalomannine,CIDs06436208
ly-2886721,CIDs49837968
wehi-539,CIDs71297207
pdpk1 inhibitor,CIDs49766501
m2698,CIDs89808643
ralaniten (epi-001),CIDs45107538
ono-4817,CIDs09888141
testosterone,CIDs00006013
shikonin,CIDs00479503
apy29,CIDs42627755
travoprost,CIDs05282226
pradigastat,CIDs53387035
agn-194204,CIDs09863341
sulbactam,CIDs00130313
moxifloxacin hydrochloride,CIDs00101526
sulfafurazole,CIDs00005344
gne-9605,CIDs76328936
gdc-0980,CIDs25254071
pf-4989216,CIDs51033720
pf-05212384,CIDs44516953
amg-232,CIDs58573469
exemestane,CIDs00060198
sar-020106,CIDs44203948
valspodar,CIDs05281884
buthionine sulphoximine,CIDs00021157
dacarbazine,CIDs135398738
vinblastine,CIDs00013342
fluocinonide,CIDs00009642
artemisinin,CIDs00068827
zibotentan,CIDs09910224
gsk-1016790a,CIDs23630211
lrrk2-in-1,CIDs46843906
mgcd-265,CIDs24901704
ursolic acid,CIDs00064945
ecdysone,CIDs00019212
pf-04979064,CIDs46866705
anagrelide,CIDs135409400
clozapine,CIDs135398737
streptozocin,CIDs00029327
bms-587101,CIDs11635371
navitoclax (abt-263),CIDs24978538
elacestrant,CIDs23642301
pmsf,CIDs00004784
gdc-0152,CIDs46940575
azd0156,CIDs118502708
zonisamide,CIDs00005734
xmd17-109 (erk5-in-1),CIDs71604307
pf-4800567,CIDs53472153
asaraldehyde,CIDs00020525
manoalide,CIDs06437368
mirtazapine,CIDs00004205
hydroxychloroquine sulfate,CIDs00012947
deferasirox,CIDs00214348
cnx-774,CIDs59174579
nsc-319726,CIDs05351307
nvp-bhg712,CIDs16747388
docetaxel,CIDs00148124
oseltamivir acid,CIDs00449381
db-07268,CIDs16058637
dextromethorphan hydrobromide,CIDs05464025
srt3025,CIDs46245047
m-024,CIDs09804984
acc1 bms,CIDs57519529
ki-696,CIDs118170767
cyproheptadine hydrochloride,CIDs00013770
sufugolix,CIDs03038517
ncgc00510708,CIDs46911228
melatonin,CIDs00000896
clofibrate,CIDs00002796
pregnenolone,CIDs00008955
vs-5584,CIDs46912230
10-hydroxycamptothecin,CIDs00097226
bvt-14225,CIDs06918663
acetylcysteine,CIDs00012035
bq-123,CIDs00443289
vesnarinone,CIDs00005663
phortress (nsc-710305),CIDs09804228
benserazide,CIDs00002327
ketotifen,CIDs00003827
dalcetrapib,CIDs06918540
kn-62,CIDs05312126
ivacaftor,CIDs16220172
liarozole,CIDs00060652
carmofur,CIDs00002577
iguratimod,CIDs00124246
arry-380,CIDs42598643
ski-ii,CIDs00753704
gsk-2256098,CIDs46214930
hydroxyurea,CIDs00003657
febuxostat,CIDs00134018
dacomitinib,CIDs11511120
idoxuridine,CIDs00005905
cilostazol,CIDs00002754
hydrochlorothiazide,CIDs00003639
tegaserod maleate,CIDs135413539
nepafenac,CIDs00151075
yk-72,CIDs138403280
amg-337,CIDs44181686
bms-536924,CIDs10390396
phenoxybenzamine hydrochloride,CIDs05284441
amphotericin b,CIDs05280965
kuc103669n,CIDs01067700
navoximod,CIDs70914230
ozagrel hydrochloride,CIDs06438130
piboserod hydrochloride,CIDs00177335
bethanechol chloride,CIDs00011548
paricalcitol-d6 (abt-358),CIDs05281104
zileuton,CIDs00060490
clomipramine hydrochloride,CIDs00068539
wye-354,CIDs44219749
ncgc00188866,CIDs09938203
jnj-38158471,CIDs16742063
vesatolimod,CIDs46241268
oltipraz,CIDs00047318
da-3003-1,CIDs00379077
pd-184352,CIDs06918454
rupintrivir,CIDs06440352
carvedilol,CIDs00002585
riboflavin,CIDs00493570
vorapaxar,CIDs10077130
roflumilast,CIDs00449193
erlotinib,CIDs00176870
gsk-j4,CIDs71729974
parbendazole,CIDs00026596
xylometazoline hydrochloride,CIDs05282386
limonin,CIDs00179651
arv-825,CIDs92044400
tandutinib (mln518),CIDs03038522
oxamflatin,CIDs05353852
vatalanib,CIDs00151194
pfi-3,CIDs78243717
px-866,CIDs09849735
sl-0101-1,CIDs10459196
ibrutinib (pci-32765),CIDs24821094
allopurinol,CIDs135401907
racecadotril,CIDs00107751
zanamivir,CIDs00060855
ch-5183284,CIDs66555680
enoxolone,CIDs00010114
vorinostat (saha),CIDs00005311
antibiotic ay 22989,CIDs54600319
wiki4,CIDs02984337
lomerizine dihydrochloride,CIDs00122125
epacadostat,CIDs135564890
t-00127-hev1,CIDs04904109
ncgc00505118,CIDs118957930
cantharidin,CIDs00005944
ospemifene,CIDs03036505
gyki-52466,CIDs00003538
sr-3306,CIDs57519510
diethylstilbestrol,CIDs00448537
macitentan,CIDs16004692
nms-859,CIDs71607189
azd-5438,CIDs16747683
nps-1034,CIDs46194178
tafenoquine,CIDs00115358
ticlopidine hydrochloride,CIDs00065335
unc-0224,CIDs44251522
unc2250,CIDs73211763
ykl-05-099,CIDs121596782
osi-420,CIDs18924996
agomelatine,CIDs00082148
ipratropium bromide hydrate,CIDs16738693
sb-743921,CIDs09936388
pd-134308,CIDs00108187
cinchonidine,CIDs00002757
paeonol,CIDs00011092
lonidamine,CIDs00039562
triciribine phosphate,CIDs00043860
ldn-214117,CIDs91754554
lornoxicam,CIDs54690031
2-fluoroadenosine,CIDs00008975
jk-184,CIDs01069686
rabeprazole,CIDs00005029
encorafenib,CIDs50922675
gsk-4112,CIDs50905018
nirogacestat,CIDs46224413
belotecan,CIDs06456014
xl-888,CIDs60147023
triamcinolone acetonide,CIDs00006436
ax-024,CIDs56949412
ku-0064,CIDs05278396
polymyxin b sulphate,CIDs00004868
a-66,CIDs42636535
cyclosporine a,CIDs05284373
abt-702,CIDs00001973
amg-925 (flx925),CIDs60202647
10-deacetylbaccatin,CIDs00154272
cpi-4203,CIDs90442348
as-604850,CIDs05287855
pf-03716556,CIDs25134521
bx-795,CIDs10077147
silmitasertib,CIDs24748573
topotecan,CIDs00060700
estriol,CIDs00005756
bay-876,CIDs118191391
tinidazole,CIDs00005479
y-39983,CIDs09810884
vps34 inhibitor 1 (compound 19- pik-iii analogue),CIDs67983918
qs11,CIDs42623900
brincidofovir,CIDs00483477
icrf-193,CIDs00119081
betaxolol,CIDs00002369
pyrantel pamoate,CIDs05281033
arry-162,CIDs10288191
larotrectinib,CIDs46188928
jph203,CIDs24853505
clarithromycin,CIDs00084029
agi-6780,CIDs71299339
gsk-2256294a,CIDs59448236
ly-3214996,CIDs121408882
thz-2,CIDs78357763
gw-768505a,CIDs05326956
adenosine,CIDs00060961
sns-314,CIDs24995523
beta-lapachone,CIDs00003885
granisetron (ab-1001),CIDs05284566
paeoniflorin,CIDs00442534
pentamidine,CIDs00004735
vby-825,CIDs70945511
curcumin,CIDs00969516
orlistat,CIDs03034010
sulfameter,CIDs00005326
cefprozil monohydrate,CIDs06436628
sb-408124,CIDs04331799
necrostatin 2,CIDs11288934
cannabidiol,CIDs00644019
ncgc00247866,CIDs71300295
azd-6738,CIDs54761306
crizotinib,CIDs11626560
arv-771,CIDs126619980
epothilone b,CIDs00448013
levetiracetam,CIDs05284583
tropisetron,CIDs00656665
gsk-481,CIDs90351311
hyodeoxycholic acid,CIDs05283820
mecamylamine,CIDs00004032
nvp-lcq195,CIDs11655534
cefmenoxime,CIDs09570757
ncgc00253463-01,CIDs57519527
iloprost,CIDs05311181
a77 1726,CIDs54684141
plx-647,CIDs11545419
eos-200271,CIDs23063810
loteprednol etabonate,CIDs00444025
unc-0646,CIDs53315882
clonidine,CIDs00002803
mefloquine,CIDs00040692
naquotinib mesylate,CIDs92135932
cdk8i-51,CIDs138402877
on-01910,CIDs23696523
ncgc00510249-02,NCGC00510249-02
sorafenib,CIDs00216239
levofloxacin,CIDs00149096
ha-130,CIDs75251584
rociletinib,CIDs57335384
lificiguat,CIDs00005712
nepicastat hydrochloride,CIDs09840545
ivx-214,CIDs09888590
quinidine,CIDs00441074
balsalazide disodium,CIDs135413496
gsk-2194069,CIDs67376285
ulixertinib,CIDs11719003
eszopiclone,CIDs00969472
sodium cloxacillin,CIDs23675320
volasertib,CIDs10461508
oxcarbazepine,CIDs00034312
olmesartan medoxomil,CIDs00130881
brigatinib,CIDs68165256
butoconazole nitrate,CIDs00047471
hpi-1,CIDs02926768
calhex-231,CIDs11849513
yu-238259,CIDs121473004
kx-01,CIDs23635314
lactulose,CIDs00011333
m-475271,CIDs05330175
l-165041,CIDs06603901
cisatracurium besylate,CIDs00062886
mk-8931,CIDs51352361
cct-137690,CIDs25154041
rhein,CIDs00010168
pf-04418948,CIDs25114442
cgp-74588 (n-desmethyl imatinib),CIDs09869737
gmx-1778,CIDs00148198
cephradine,CIDs00038103
levonorgestrel,CIDs00013109
4sc-202,CIDs15985904
kpt-276,CIDs71496742
lxs-196,CIDs118873253
tak-931,CIDs135564531
quisinostat,CIDs11538455
parietin,CIDs00010639
ro495,CIDs57519505
pyridone 6,CIDs05494425
ginkgolide a,CIDs09909368
ncgc00244250,CIDs52948550
l778123,CIDs00216453
selinexor,CIDs71481097
bemcentinib,CIDs46215462
resatorvid,CIDs11703255
econazole nitrate,CIDs00068589
fluticasone propionate,CIDs00444036
digitoflavone,CIDs05280445
gallamine triethiodide,CIDs00006172
eprosartan mesylate,CIDs05282474
bag-956,CIDs24882589
romidepsin,CIDs05352062
fesoterodine fumarate,CIDs09849808
panobinostat,CIDs06918837
tiagabine hydrochloride,CIDs00091274
scopolamine,CIDs03000322
trioxsalen,CIDs00005585
tosedostat,CIDs15547703
namodenoson,CIDs03035850
valproic acid sodium salt,CIDs16760703
mk-1775,CIDs24856436
ssr-69071,CIDs09872438
ciclopirox,CIDs00002749
fenretinide,CIDs05288209
estramustine phosphate sodium,CIDs00444000
ncb-1026,CIDs91801204
trilostane,CIDs00656583
bez-235,CIDs11977753
pregabalin,CIDs05486971
ncgc00185090-04,CIDs46925884
cvt-313,CIDs06918386
diindolylmethane,CIDs00003071
mocetinostat,CIDs09865515
diphenhydramine hydrochloride,CIDs00008980
pha-793887,CIDs46191454
indapamide,CIDs00003702
sulindac,CIDs01548887
ncgc00262689,CIDs56832449
amastatin,CIDs00439518
tubastatin a,CIDs49850262
temocapril hydrochloride,CIDs00443873
genz-669178,CIDs53494972
adx-47273,CIDs11383075
fr-180204,CIDs11493598
purvalanol a,CIDs00456214
osu-03012,CIDs10027278
bendamustine,CIDs00065628
vecuronium bromide,CIDs00039764
sr-3029,CIDs60196195
av-412,CIDs09806229
dorsomorphin,CIDs11524144
dinaciclib,CIDs46926350
hsp-990,CIDs46216556
cryptotanshinone,CIDs00160254
tolcapone,CIDs04659569
icotinib hydrochloride,CIDs44609731
podofilox,CIDs00010607
betaine,CIDs00000247
elagolix,CIDs11250647
isotretinoin,CIDs05282379
istradefylline,CIDs05311037
mpep,CIDs03025961
pik-294,CIDs24905149
drospirenone,CIDs00068873
duloxetine hydrochloride,CIDs00060834
meclofenamic acid,CIDs00004037
plurisln 1,CIDs00225362
dienogest,CIDs00068861
bms-986020,CIDs49792850
fludarabine phosphate,CIDs00030751
tranylcypromine,CIDs00019493
desoxycorticosterone pivalate,CIDs11876263
ci-966,CIDs00198693
azixa,CIDs11638255
compound 2,CIDs118873492
eptifibatide,CIDs00448812
pf-956980,CIDs53344620
tas-116,CIDs67501411
acemetacin,CIDs00001981
maraviroc,CIDs03002977
oxybutynin,CIDs00091505
hypothemycin,CIDs09929643
xct-790,CIDs06918788
su-mi-2,CIDs09549297
pf-06747775,CIDs91668194
sid-7969543,CIDs04076092
amg-458,CIDs24764449
mir96-in-1,CIDs72699186
vismodegib,CIDs24776445
abemaciclib,CIDs46220502
fisetin,CIDs05281614
acitazanolast,CIDs00002006
d-106669,CIDs16048654
gsk-2981278,CIDs89875987
bms-707035,CIDs54682040
cefoperazone (sodium salt),CIDs23663974
gsk-3326595,CIDs90241742
bimiralisib,CIDs58507717
bd-1047,CIDs00188914
aliskiren,CIDs05493444
geniposide,CIDs00452548
ono-4059 (gs-4059),CIDs89455219
tws-119,CIDs09549289
ahpn,CIDs00135411
o6-benzylguanine,CIDs00004578
glpg-0974,CIDs57520598
ots-167,CIDs135398499
mannitol,CIDs00006251
cdk4/6 inhibitor iv,CIDs24825971
imipramine,CIDs00003696
gsk-864,CIDs91864701
megestrol acetate,CIDs00011683
mk-0812,CIDs11180807
gemcitabine,CIDs00060750
ceftiofur hydrochloride,CIDs09937686
wz-4002,CIDs44607530
pyridostigmine bromide,CIDs00007550
mrt-83,CIDs136210511
jnj-28871063 hydrochloride,CIDs17747413
artefanilide,CIDs49777740
topotecan hydrochloride,CIDs00060699
eft508,CIDs118598754
tamibarotene,CIDs00108143
bms-3,CIDs73265272
pik-293,CIDs53245636
nabilone,CIDs05284592
s-99,CIDs59437537
lactobionic acid,CIDs00007314
warfarin sodium,CIDs16204922
mrt-67307,CIDs44464263
gsk-484,CIDs86340175
minoxidil sulfate,CIDs00004202
dasa-58,CIDs44543605
theophylline,CIDs00002153
ensartinib,CIDs56960363
cholic acid,CIDs00221493
prp003-032,CIDs25263033
wp-1066,CIDs11210478
ro-28-1675,CIDs09886086
ml-7,CIDs00004216
azelnidipine,CIDs00065948
seletalisib,CIDs56928390
bay-60-7550,CIDs135564787
cefoselis sulfate,CIDs09830519
hh-ag1.5,CIDs44195701
banoxantrone,CIDs09955116
memantine hydrochloride,CIDs00181458
wnk-463,CIDs121487936
fosmidomycin,CIDs00000572
sulfanilamide,CIDs00005333
gsk-1995010,CIDs57519543
chloramphenicol,CIDs00005959
fenoldopam,CIDs00003341
pemetrexed disodium,CIDs135413520
pf-06282999,CIDs71571306
buprenorphine hydrochloride,CIDs09848989
bosutinib,CIDs05328940
dabigatran,CIDs00216210
aminoglutethimide,CIDs00002145
el-102,CIDs62705067
hydrocortisone,CIDs00005754
shp-099,CIDs118238298
bms-345541,CIDs09813758
amoxicillin sodium,CIDs23663126
trifluridine,CIDs00006256
oxymatrine,CIDs00114850
meclizine hydrochloride,CIDs00004034
vlx-600,CIDs06410104
azacitidine,CIDs00009444
r-1487,CIDs11406590
mk-4541,CIDs59691338
rabusertib,CIDs11955855
tame,CIDs01550286
gbr-12935,CIDs00003456
sumatriptan,CIDs00005358
reversine,CIDs00210332
octocrylene,CIDs00022571
bgp-15,CIDs09817104
tak-285,CIDs11620908
nemorubicin,CIDs00065907
copanlisib,CIDs135565596
ketanserin,CIDs00003822
lamivudine,CIDs00060825
vadimezan,CIDs00123964
hmsl10083,CIDs73265276
a-769662,CIDs28408235
methdilazine hydrochloride,CIDs00014676
iox-1,CIDs00459617
dihydromyricetin,CIDs00161557
2-methoxyestradiol,CIDs00066414
m-344,CIDs00003994
salirasib,CIDs05469318
zoledronic acid,CIDs00068740
azd-1480,CIDs16659841
acadesine,CIDs00017513
camostat,CIDs00002536
imexon,CIDs00068791
salbutamol sulfate,CIDs00002083
st-2825,CIDs24808138
mk-2206,CIDs24964624
r-1530,CIDs11610113
glipizide,CIDs00003478
quinacrine hydrochloride,CIDs00000237
bay61-3606,CIDs10200390
estradiol,CIDs00005757
maslinic acid,CIDs00073659
sjg-136,CIDs00393111
etodolac,CIDs00003308
tp-3654,CIDs66598080
kuc107550n,CIDs46926514
gnf-2,CIDs05311510
hmsl10038,CIDs11844351
bx-471,CIDs00512282
jnj-7706621,CIDs05330790
nvp-bvu-972,CIDs44206063
bacitracin zinc,CIDs00065281
c646,CIDs01285940
epiblastin a,CIDs118987042
gyki-53655,CIDs00126758
dcc-2036,CIDs25066467
ly-3009120,CIDs71721540
gls-968,CIDs03099980
bptes,CIDs03372016
batimastat,CIDs05362422
anamorelin,CIDs09828911
dexmedetomidine,CIDs05311068
iloperidone,CIDs00071360
hydralazine,CIDs00003637
azd-8835,CIDs76685059
matrine,CIDs00091466
tolrestat,CIDs00053359
cpi-613,CIDs24770514
oseltamivir phosphate,CIDs00078000
sirolimus,CIDs05284616
betamethasone valerate,CIDs00016533
enalaprilat,CIDs05462501
fg-2216,CIDs06914666
ve-821,CIDs51000408
sulfasalazine,CIDs00005339
gzd-824,CIDs51038269
netarsudil,CIDs66599893
prochlorperazine,CIDs00004917
lp-533401,CIDs44560455
mg-115,CIDs09868928
nbi-74330,CIDs45784923
asiatic acid,CIDs00119034
hmsl10087,CIDs42628535
etomoxir,CIDs09840324
emricasan,CIDs12000240
chembl277800,CIDs00354624
mk-2048,CIDs54698642
gsk2795039,CIDs71090129
ramelteon,CIDs00208902
jnk-in-8,CIDs57340686
zafirlukast,CIDs00005717
smdc914896,CIDs73330446
aripiprazole,CIDs00060795
ro-51,CIDs24883277
norfloxacin,CIDs00004539
xl-388,CIDs59604787
jnj-28312141,CIDs11676971
sotalol,CIDs00005253
ellagic acid,CIDs05281855
pazopanib hydrochloride,CIDs11525740
az-3146,CIDs56973724
tizoxanide,CIDs00394397
de-096,CIDs10158562
ivachtin,CIDs11201705
sotrastaurin,CIDs10296883
citalopram hydrobromide,CIDs00077995
indirubin,CIDs00010177
meglumine,CIDs00008567
niguldipine,CIDs00001236
succinylcholine chloride,CIDs00022475
amg-319,CIDs68947304
cyclocytidine hydrochloride,CIDs00025050
pramiracetam hydrochloride,CIDs03050410
s-trityl-l-cysteine,CIDs00076044
geniposidic acid,CIDs00443354
atractylenolide i,CIDs05321018
meropenem,CIDs00441130
doxazosin mesylate,CIDs00062978
trifluoperazine hydrochloride,CIDs00005566
atrasentan,CIDs00159594
pa-824,CIDs00456199
sjn-2511,CIDs00449054
vardenafil,CIDs135400189
arsenic trioxide,CIDs00000545
stf-62247,CIDs00704473
saquinavir mesylate,CIDs00060934
cerulenin,CIDs05282054
pha-665752,CIDs10461815
gw-0742,CIDs09934458
ots-514,CIDs67447908
mi-773 (sar405838),CIDs53476877
shikimic acid,CIDs00008742
apresoline,CIDs00003637
tenalisib,CIDs86291103
acalisib,CIDs11618268
trazodone hydrochloride,CIDs00062935
spautin-1,CIDs51037431
rocuronium bromide,CIDs00441351
triptolide,CIDs00107985
valdecoxib,CIDs00119607
frax-486,CIDs68060125
hematoxylin,CIDs00442514
elafibranor,CIDs09864881
sr 33805,CIDs00129426
telotristat etiprate,CIDs25253377
nicorandil,CIDs00047528
pki-166,CIDs06918403
tadalafil,CIDs00110635
thz1,CIDs73602827
ncgc00242487,CIDs11634725
ciprofloxacin,CIDs00002764
aminolevulinic acid hydrochloride,CIDs00123608
ezutromid,CIDs25109292
pancuronium bromide,CIDs00027350
napabucasin,CIDs10331844
aloxistatin,CIDs00065663
gsk-2334470,CIDs46215815
esomeprazole sodium,CIDs00004594
nsc-724771,CIDs09572720
ink-128,CIDs45375953
sparfloxacin,CIDs00060464
brl-15572,CIDs03654103
oicr-9429,CIDs91623360
celecoxib,CIDs00002662
sulfaphenazole,CIDs00005335
desipramine hydrochloride,CIDs00065327
a 438079,CIDs11673921
novobiocin sodium,CIDs54733712
tideglusib,CIDs11313622
ncgc00263018-01,CIDs53484170
ac-261066,CIDs11530459
gsk-j1,CIDs56963315
oridonin,CIDs05321010
parogrelil,CIDs09803788
xl 413 hydrochloride,CIDs135564631
vadadustat,CIDs23634441
l-tetramisol,CIDs00027944
artenimol,CIDs03000518
rasagiline mesylate,CIDs03052775
digoxin,CIDs02724385
tirapazamine,CIDs135413511
omacetaxine mepesuccinate,CIDs00285033
cytarabine,CIDs00006253
pramipexole,CIDs00119570
doxifluridine,CIDs00018343
endoxifen,CIDs10090750
ha-14-1,CIDs06604880
bfh-772,CIDs24756034
gedatolisib,CIDs44516953
indimitecan hydrochloride (lmp-776),CIDs45027820
doramapimod,CIDs00156422
6-bromoindirubin-3'-acetoxime,CIDs135398521
krca-0008,CIDs72547474
efaproxiral,CIDs00122335
dydrogesterone,CIDs00009051
manassantin a,CIDs10190528
fomepizole,CIDs00003406
bay-41-2272,CIDs09798973
afatinib,CIDs10184653
tg-101209,CIDs16722832
ibiglustat,CIDs60199242
salicin,CIDs00439503
quinacrine,CIDs00000237
taladegib,CIDs49848070
rimonabant,CIDs00104850
asenapine maleate,CIDs06917875
cyanein,CIDs05287620
ingenol mebutate,CIDs06918670
ozanimod,CIDs52938427
ap-768,CIDs09826188
procaterol hydrochloride,CIDs00043091
fk-506,CIDs00445643
eltrombopag olamine,CIDs135449331
cebranopadol,CIDs11848225
enasidenib,CIDs89683805
sb-705498,CIDs09910486
ncgc00263020,CIDs45279469
tacrolimus,CIDs00445643
aloperine,CIDs00162147
geldanamycin,CIDs05288382
olaparib,CIDs23725625
spc-839,CIDs09820526
lenalidomide,CIDs00216326
r-268712,CIDs11703284
emd-1214063,CIDs25171647
isoliquiritigenin,CIDs00638278
imatinib,CIDs00005291
tigecycline,CIDs54686904
gandotinib,CIDs46213929
merestinib,CIDs44603533
cb-5083,CIDs73051434
methoxsalen,CIDs00004114
armodafinil,CIDs09690109
etrasimod,CIDs44623998
sr-9011,CIDs57394021
ak-7,CIDs01328033
diosmin,CIDs05281613
ro-5126766,CIDs16719221
ruxolitinib,CIDs25126798
pf-06250112,CIDs90118673
galeterone,CIDs11188409
masitinib,CIDs10074640
ramipril,CIDs05362129
olprinone,CIDs00004593
itk inhibitor,CIDs20635522
pf-3644022,CIDs44631903
cerdulatinib,CIDs44595079
sumanirole maleate,CIDs09818478
enalapril maleate,CIDs05388961
irestatin 9389,CIDs01005519
pf-670462,CIDs51049607
vch-916,CIDs11963194
l-selenomethionine,CIDs00105024
mebendazole,CIDs00004030
prulifloxacin,CIDs00065947
sitagliptin,CIDs04369359
estramustine,CIDs00259331
nisoldipine,CIDs00004499
epz-5676,CIDs57345410
kw-2449,CIDs11427553
zolinza,CIDs00005311
ziprasidone hydrochloride,CIDs00060853
kinetin,CIDs00003830
danirixin,CIDs24780598
neomycin sulfate,CIDs00062403
leptomycin b,CIDs06917907
crenigacestat,CIDs71236992
pitavastatin calcium,CIDs05282451
glasdegib,CIDs25166913
ostol,CIDs00010228
moxonidine hydrochloride hydrate,CIDs06917782
bacitracin (zinc),CIDs78358334
ncgc00505117,CIDs118957930
embelin,CIDs00003218
nvp-bgt226,CIDs11978790
nutlin-3,CIDs00216345
azd-3759,CIDs78209992
bay-41-8543,CIDs09953906
dronedarone,CIDs00208898
busulfan,CIDs00002478
proparacaine,CIDs00004935
alisertib,CIDs24771867
mpt-0b098,CIDs50898338
pyridostatin,CIDs25227847
enmd-981693,CIDs16041424
gsk 525768a,CIDs52934127
ml-119,CIDs01357397
albendazole,CIDs00002082
ly-2365109 hydrochloride,CIDs11552757
xl647,CIDs10458325
sclareolide,CIDs00929262
pp242,CIDs24905147
erdosteine,CIDs00065632
sl-327,CIDs09549284
loperamide,CIDs00003955
sulfamethoxazole,CIDs00005329
sinomenine,CIDs05459308
clobetasol propionate,CIDs00032798
elvitegravir,CIDs05277135
azithromycin,CIDs00447043
robotnikinin,CIDs25109985
bepridil,CIDs00002351
litronesib,CIDs25167017
unc-0638,CIDs46224516
cpepck inhibitor,CIDs00447371
baf-312,CIDs44599207
hmsl10084,CIDs42628507
wnt-c59,CIDs57519544
alibendol,CIDs00071916
4-aminosalicylic acid,CIDs00004649
ketorolac,CIDs00003826
rolipram,CIDs00005092
enzalutamide,CIDs15951529
apr-246,CIDs52918385
bms-509744,CIDs11467730
azd-3514,CIDs46893585
ly-411575,CIDs10435235
tak-715,CIDs09952773
7-aminocephalosporanic acid,CIDs00441328
gsk-690693,CIDs16725726
synephrine,CIDs00007172
gw-441756,CIDs22228376
hydroxychloroquine,CIDs00003652
hmsl10019,CIDs69923936
osi-632,CIDs09811611
ranolazine,CIDs00056959
trimetrexate,CIDs00005583
spebrutinib (avl-292),CIDs59174488
sar-260301,CIDs49854424
cerivastatin,CIDs00446156
citco,CIDs09600409
naltrexone,CIDs05360515
tazemetostat,CIDs66558664
veliflapon,CIDs00123723
gw-4064x,CIDs09893571
genistein,CIDs05280961
ritodrine hydrochloride,CIDs00031728
paromomycin,CIDs00165580
vps34 inhibitor 1,CIDs67983918
papaverine hydrochloride,CIDs00006084
10058-f4,CIDs01271002
doxycycline,CIDs54671203
voxtalisib,CIDs16123056
rwj-67657,CIDs03008319
cpi-1189,CIDs00151118
telatinib,CIDs09808844
ombrabulin,CIDs06918405
amd-3465,CIDs00483559
bupropion hydrochloride,CIDs00062884
10074-g5,CIDs02836600
cnf-2024,CIDs16736529
liranaftate,CIDs00003936
pha-680632,CIDs11249084
dihydroergotamine,CIDs00010531
azelastine hydrochloride,CIDs00054360
milademetan,CIDs73297272
jq1,CIDs46907787
vandetanib,CIDs03081361
dantrolene,CIDs06914273
rivaroxaban,CIDs09875401
ots964,CIDs67448186
gsk-923295,CIDs46898058
clemastine fumarate,CIDs05281069
a-770041,CIDs09549184
lgk-974,CIDs46926973
neohesperidin dihydrochalcone,CIDs00030231
oxibendazole,CIDs00004622
digitoxin,CIDs00441207
nvp-auy922,CIDs10096043
bi-9564,CIDs117072549
felbamate,CIDs00003331
estetrol,CIDs00027125
lexibulin hydrochloride,CIDs11351021
bay-1217389,CIDs78320750
az-628,CIDs11676786
cdk9 inhibitor,CIDs66577006
pyroxamide,CIDs00004996
propafenone hydrochloride,CIDs00036708
glycyrrhizic acid,CIDs00014982
axitinib,CIDs06450551
bromhexine hydrochloride,CIDs05702220
secoisolariciresinol,CIDs00065373
pomalidomide,CIDs00134780
chlorothiazide,CIDs00002720
thz531,CIDs118025540
nu-7441,CIDs11327430
tolnaftate,CIDs00005510
bix02188,CIDs66524294
lopinavir,CIDs00092727
rosiglitazone,CIDs00077999
vinflunine,CIDs06918295
2-methoxyestradiol (2-meoe2),CIDs00066414
zidovudine,CIDs00035370
gne-317,CIDs70676303
rebamipide,CIDs00005042
mc-1568,CIDs11381449
azathioprine,CIDs00002265
sb-525334,CIDs09967941
pioglitazone hydrochloride,CIDs00060560
nvp-xav-939,CIDs135418940
(-)-indolactam v,CIDs00105000
rgb-286638,CIDs11285001
tak-659,CIDs53252276
sar-131675,CIDs71295845
daporinad,CIDs06914657
4-methylumbelliferone,CIDs05280567
methyl jasmonate,CIDs05281929
mechlorethamine hydrochloride,CIDs00005935
azd1152,CIDs11497983
pi-103,CIDs09884685
apalutamide,CIDs24872560
sgc-0946,CIDs56962337
cpi-0610,CIDs57389999
elesclomol (sta-4783),CIDs00300471
zoledronic acid monohydrate,CIDs00121586
gentamycin sulfate,CIDs00003467
imeglimin,CIDs24812808
omeprazole,CIDs00004594
amg-1,CIDs16757524
beta-carotene,CIDs05280489
astragaloside a,CIDs13943299
indisulam (e7070),CIDs00216468
bafilomycin a1,CIDs06436223
2'-3'-dideoxyinosine,CIDs135398739
cc-885,CIDs24788636
fenbendazole,CIDs00003334
pravastatin sodium,CIDs00054687
auranofin,CIDs06918453
ncgc00188382-01,CIDs25256849
ldn-57444,CIDs16760696
relugolix,CIDs10348973
rivastigmine tartrate,CIDs00077990
torin-1,CIDs49836027
gw-5074,CIDs05924208
acipimox,CIDs05310993
teriflunomide,CIDs54684141
posaconazole,CIDs00468595
gw-9508,CIDs11595431
deflazacort,CIDs00189821
7-hydroxystaurosporine,CIDs00072271
win-55212-2,CIDs05311501
azalomycin-b,CIDs06444206
px-12,CIDs00219104
gsk-2801,CIDs73010930
protionamide,CIDs00666418
nsc 85998,CIDs23615975
cymeval,CIDs135413535
jnj-38877605,CIDs46911863
streptomycin sulfate,CIDs00019648
sepantronium bromide,CIDs11178236
eai045,CIDs121231412
midostaurin,CIDs09829523
fluvoxamine,CIDs05324346
tpx-0005,CIDs135565923
amg-tie2-1,CIDs16108977
cortivazol,CIDs00066249
pf-477736,CIDs16750408
diazoxide,CIDs00003019
dobutamine,CIDs00036811
mestranol,CIDs00006291
sb-242235,CIDs09863367
delanzomib,CIDs24800541
xl-147,CIDs56599306
blz-945,CIDs46184986
ptc-691,CIDs73427118
medroxyprogesterone acetate,CIDs00006279
calmidazolium chloride,CIDs00644274
js-65-103,CIDs138403278
gdc-0834 racemate,CIDs25235170
e-7449,CIDs135565981
cladribine,CIDs00020279
sd-169,CIDs14973220
thiolactomycin,CIDs135403829
ikk-3 inhibitor ix,CIDs11626927
idasanutlin,CIDs53358942
canagliflozin,CIDs24812758
acetazolamide,CIDs00001986
glpg-0187,CIDs53340771
ym-201636,CIDs09956222
testolactone,CIDs00013769
salidroside,CIDs00159278
aldoxorubicin hydrochlorid,CIDs134715775
decoquinate,CIDs00029112
pb-28,CIDs10474335
etoximir,CIDs00123823
pd-168393,CIDs00004708
cidofovir,CIDs00060613
manidipine,CIDs00004008
bibr-1048,CIDs09578572
cefditoren pivoxil,CIDs06437877
trichostatin a,CIDs00444732
ta02,CIDs91691130
furosemide,CIDs00003440
gw-791343,CIDs09848159
cevimeline,CIDs00083898
fr-900098,CIDs00162204
nvp-aew541,CIDs11476171
seratrodast,CIDs00002449
co-v,CIDs00040926
metolazone,CIDs00004170
ethionamide,CIDs02761171
unc-3866,CIDs101043861
epalrestat,CIDs01549120
azatadine,CIDs00019861
costunolide,CIDs05281437
vu-0364849,CIDs50997748
uridine,CIDs00006029
methyl-hesperidin,CIDs05467549
metronidazole,CIDs00004173
alvespimycin hydrochloride,CIDs09852573
acpa,CIDs00447083
dofequidar,CIDs00213040
prednisolone,CIDs00005755
cortisone acetate,CIDs00005745
cc-401,CIDs10430360
tp-0903,CIDs56839178
modufolin,CIDs135398645
ataciguat,CIDs00213037
alvimopan,CIDs05488548
ct-99021,CIDs09956119
pd-169316,CIDs00004712
phensuximide,CIDs00006839
aloin,CIDs12305761
tazarotene,CIDs00005381
raf-265 derivative,CIDs11656518
vinorelbine tartrate,CIDs00060779
mycophenolic acid,CIDs00446541
decitabine,CIDs00451668
deacetyl cortivazol,CIDs03032474
gsk2837808a,CIDs71533725
vactosertib,CIDs54766013
cx-5461,CIDs25257557
gimeracil,CIDs54679224
gsk872,CIDs54674134
sonidegib,CIDs24775005
colchicine,CIDs00006167
gsk-2578215a,CIDs68107965
bms-599626,CIDs10437018
2-fluoro ara-a,CIDs00657237
terameprocol,CIDs00476861
repaglinide,CIDs00065981
bimatoprost,CIDs05311027
verdinexor,CIDs71492799
sesamin,CIDs00072307
rrx-001,CIDs15950826
msc2530818,CIDs118879529
flurbiprofen,CIDs00003394
arq-621,CIDs25110841
dapagliflozin,CIDs09887712
baclofen,CIDs00002284
acetohexamide,CIDs00001989
jtc-801,CIDs05311339
mithramycin a,CIDs00163659
ostarine,CIDs11326715
pf-06273340,CIDs66571548
agi-5198,CIDs56645356
penicillamine,CIDs00005852
pyrimethamine,CIDs00004993
tolterodine tartrate,CIDs00443878
l-778123,CIDs00216453
eeyarestatin i,CIDs23947580
sgi-7079,CIDs46870258
trihexyphenidyl,CIDs00005572
c-fms inhibitor,CIDs11654378
compound 36,CIDs124037381
quercetin,CIDs05280343
verapamil,CIDs00002520
j113397,CIDs05311194
camptothecin,CIDs00024360
stanozolol,CIDs00025249
fluphenazine hydrochloride,CIDs00067356
sulfadoxine,CIDs00017134
ac-265347,CIDs52943938
ml-228,CIDs46742353
acalabrutinib,CIDs71226662
ncgc00166281-02,CIDs05484444
isepamicin sulfate,CIDs00171883
fadrozole,CIDs00059693
mk591,CIDs23672584
bi-7273,CIDs118796358
isoniazid,CIDs00003767
sodium danshensu,CIDs23711819
atenolol,CIDs00002249
l-name,CIDs00039836
tranexamic acid,CIDs00005526
trametinib,CIDs11707110
idronoxil,CIDs00219100
bisindolylmaleimide,CIDs00002396
cyproterone acetate,CIDs00009880
lll-12,CIDs46911017
nitd609-wrong enantiomer,CIDs44251608
testosterone cypionate,CIDs00441404
itraconazole,CIDs00003793
fasudil hydrochloride,CIDs00163751
terbinafine hydrochloride,CIDs05282481
acy-1215,CIDs53340666
ramatroban,CIDs00123879
pexidartinib,CIDs25151352
cl-82198,CIDs00002777
cgs-21680,CIDs03086599
aciclovir,CIDs135398513
sb-224289,CIDs03378093
azd-8055,CIDs25262965
famciclovir,CIDs00003324
bioymifi,CIDs70678419
tae-684,CIDs16038120
sapitinib,CIDs11488320
piraxostat,CIDs00449035
tnks-656,CIDs136237316
fingolimod hydrochloride,CIDs00107969
pramipexole hydrochloride,CIDs00119569
adapalene,CIDs00060164
bms-986205,CIDs121328278
ibrutinib,CIDs24821094
maprotiline,CIDs00004011
azomycin,CIDs00010701
mavacamten,CIDs117761397
telbivudine,CIDs00159269
ethinyl estradiol,CIDs00005991
r(-)-me5,CIDs10035933
eflornithine,CIDs00003009
nystatin,CIDs06433272
arglabin,CIDs05574924
gw-2580,CIDs11617559
amlexanox,CIDs00002161
exherin,CIDs09916058
vx-765,CIDs11398092
pd-0220245,CIDs09849040
gr-159897,CIDs03570748
ethosuximide,CIDs00003291
teicoplanin,CIDs16131923
gw-6471,CIDs00446738
esomeprazole magnesium,CIDs00130564
fccp,CIDs00003330
tak-901,CIDs16124208
tg-101348,CIDs16722836
idarubicin hydrochloride,CIDs00042890
pyrazinamide,CIDs00001046
bay-1436032,CIDs118310260
ly310762,CIDs11957576
indiplon,CIDs06450813
su-014813,CIDs10138259
selumetinib,CIDs10127622
zm-336372,CIDs00005730
morin hydrate,CIDs16219651
nitrosoglutathione,CIDs00104858
clomifene citrate,CIDs03033832
pd-1/pd-l1 inhibitor 1,CIDs91663303
niraparib,CIDs24958200
methylprednisolone,CIDs00006741
fenoprofen,CIDs00003342
carbidopa,CIDs00034359
raltegravir,CIDs54671008
everolimus,CIDs06442177
akt inhibitor viii,CIDs135398501
linifanib,CIDs11485656
dasatinib,CIDs03062316
parecoxib sodium,CIDs15895902
fascaplysin,CIDs00073292
regorafenib,CIDs11167602
a-443654,CIDs10172943
naratriptan hydrochloride,CIDs00060875
daidzein,CIDs05281708
voruciclib,CIDs67409218
laropiprant,CIDs09867642
clomiphene citrate,CIDs03033832
nvp-tae226,CIDs09934347
doxercalciferol,CIDs05281107
bms-582949,CIDs10409068
amcasertib,CIDs25190990
daphnetin,CIDs05280569
etomidate,CIDs00036339
naltrindole hydrochloride,CIDs11957649
3-amino-2-oxazolidinone,CIDs00065725
ap-761,CIDs45270144
gsk-5959,CIDs15990224
atuveciclib,CIDs71618220
kd-025,CIDs11950170
stk16-in-1,CIDs58525066
tpop-146,CIDs122172830
tolimidone,CIDs00039065
resveratrol,CIDs00445154
chlorphenamine maleate,CIDs00002725
flucytosine,CIDs00003366
fenticonazole nitrate,CIDs00051754
clindamycin hcl,CIDs16051951
abexinostat,CIDs11749858
monastrol,CIDs02987927
way-262611,CIDs25199517
rifampicin,CIDs135398735
abt-737,CIDs11228183
gw-1929,CIDs06518171
dutasteride,CIDs06918296
yohimbine,CIDs00008969
xanthatin,CIDs05281511
valproic acid,CIDs00003121
mometasone furoate,CIDs00441336
hydroxocobalamin,CIDs45357193
triamterene,CIDs00005546
pf-04691502,CIDs25033539
mk-8776,CIDs46239015
3-bromopyruvate,CIDs00070684
vu0357121,CIDs02296132
niclosamide,CIDs00004477
ribociclib (lee011),CIDs44631912
ac-sah-p53-8,CIDs138403267
nateglinide,CIDs05311309
artesunate,CIDs06917864
methotrexate,CIDs00126941
sch-900435,CIDs11740218
andarine,CIDs09824562
ciprofibrate,CIDs00002763
ximelagatran,CIDs09574101
calcitriol (ro-21-5535),CIDs05280453
chloramphenicol palmitate,CIDs00443382
sunitinib malate,CIDs06456015
sb-3ct,CIDs09883002
tetracycline,CIDs54675776
nitd609,CIDs44469321
dexamethasone,CIDs00005743
iniparib,CIDs09796068
staurosporine,CIDs00044259
mk-4827,CIDs24958200
a-674563,CIDs11314340
tioconazole,CIDs00005482
betamethasone,CIDs00009782
mln-4924,CIDs16720766
emtricitabine,CIDs00060877
gsk-1904529a,CIDs25124816
emodin,CIDs00003220
tesevatinib,CIDs10458325
desonide,CIDs05311066
avasimibe,CIDs00166558
ebpc,CIDs54677973
aloe-emodin,CIDs00010207
crenolanib,CIDs10366136
ruboxistaurin mesylate,CIDs00153999
neratinib,CIDs09915743
cycloheximide,CIDs00006197
isoconazole nitrate,CIDs00159968
orotic acid,CIDs00000967
vu0483486-1,CIDs73265331
sb228357,CIDs00443390
torcetrapib,CIDs00159325
lappaconitine,CIDs05281279
tasquinimod,CIDs54682876
exatecan,CIDs00151115
glimepiride,CIDs00003476
pranlukast hydrate,CIDs00004887
ar-00341677,CIDs25093303
bleomycin,CIDs05360373
ly-3177833,CIDs81689696
plinabulin,CIDs09949641
mosapride citrate,CIDs00119583
cay-10581,CIDs24822275
gavestinel sodium,CIDs16759177
bs-181,CIDs49867928
ncgc00241410,CIDs25169382
bam-7,CIDs05754137
ginsenoside rb1,CIDs09898279
palonosetron,CIDs06337614
amg-900,CIDs24856041
whi-p97,CIDs00003796
telithromycin,CIDs03002190
uridine triacetate,CIDs00020058
rivaroxaban (xarelto),CIDs06433119
pd-198306,CIDs09956637
gsk-461364a,CIDs15983966
cct-128930,CIDs17751819
pracinostat,CIDs49855250
sb-206553,CIDs00005163
atorvastatin calcium,CIDs00060822
fluorouracil,CIDs00003385
tacrine hydrochloride,CIDs02723754
fasn mrk,CIDs54706679
seocalcitol,CIDs05288149
triptonide,CIDs00065411
amg-25,CIDs24879368
sodium diethyldithiocarbamate trihydrate,CIDs00517546
hdaci-01,CIDs24779775
albendazole oxide,CIDs00083969
tolvaptan,CIDs00216237
pralatrexate,CIDs00148121
evobrutinib,CIDs71479709
am-630,CIDs04302963
erastin,CIDs11214940
foretinib,CIDs42642645
gatifloxacin,CIDs00005379
prp003-073,CIDs71456641
abacavir,CIDs00441300
tocainide hydrochloride,CIDs00108173
34793-34-5,CIDs00248862
aztreonam,CIDs05742832
buflomedil hydrochloride,CIDs06420013
epinephrine,CIDs00005816
ursodiol,CIDs00031401
gnf-5837,CIDs59397065
sch 900776,CIDs46239015
ethambutol,CIDs00014052
azd-3264,CIDs91666658
ncgc00241036,CIDs49852941
dopamine,CIDs00000681
doxapram,CIDs00003156
isoprenaline hydrochloride,CIDs00005807
oseltamivir,CIDs00065028
azd-5153 6-hydroxy-2-naphthoic acid,CIDs118693658
hg-6-64-1,CIDs53302361
tg-100801,CIDs11973736
pp-121,CIDs24905142
prp003-062,CIDs53358901
toceranib,CIDs05329106
lonafarnib,CIDs00148195
17 alpha-propionate,CIDs11750009
hmsl10077,CIDs71748056
gne-493,CIDs25242324
anacetrapib,CIDs11556427
atiprimod,CIDs00129869
piperacetazine,CIDs00019675
sant-2,CIDs01367095
bix-01294,CIDs25150857
triethylenemelamine,CIDs00005799
thiotepa,CIDs00005453
alw-ii-41-27,CIDs42628503
carisoprodol,CIDs00002576
sulfatinib,CIDs52920501
ro8994,CIDs53238217
ginkgolide b,CIDs06324617
empm,CIDs03578572
mk-886,CIDs03651377
ethisterone,CIDs05284557
gramicidin,CIDs00073357
pf-5006739,CIDs51353555
nibr-17,CIDs53322732
(+)-jq1,CIDs46907787
almotriptan,CIDs00123606
ppads,CIDs00004881
imiquimod,CIDs00057469
ro-4929097,CIDs49867930
methscopolamine (bromide),CIDs05459110
(+\\/-)-sulfinpyrazone,CIDs00005342
akt-i-1-2,CIDs10271028
gabexate mesilate,CIDs06604561
voriconazole,CIDs00071616
gardiquimod,CIDs44592366
sr-2211,CIDs51035449
tretinoin,CIDs00444795
carboxyamidotriazole,CIDs00108144
ml226,CIDs56593112
lomibuvir,CIDs24798764
belizatinib,CIDs57345941
aprepitant,CIDs135413536
bi-2536,CIDs11364421
prostaglandin e2,CIDs05280360
azd-3147,CIDs25168990
bumetanide,CIDs00002471
raltitrexed,CIDs135400182
prasugrel,CIDs06918456
go-6983,CIDs00003499
taxifolin (dihydroquercetin),CIDs00439533
praziquantel,CIDs00004891
talarozole (r enantiomer),CIDs44421596
apixaban,CIDs10182969
bendamustine hydrochloride,CIDs00077082
lgh-447,CIDs44814409
xl-647,CIDs10458325
hexestrol,CIDs00003606
amrubicin,CIDs00114897
cct251545,CIDs77050682
chlorphenesin,CIDs00007697
gsk-2606414,CIDs53469448
piceatannol,CIDs00667639
ripasudil,CIDs09863672
pyronaridine,CIDs00107771
ispinesib,CIDs06851740
as-1949490,CIDs44473434
melphalan,CIDs00460612
triciribine,CIDs00065399
dmep,CIDs00008344
hydroxymetronidazole,CIDs00121858
scopine,CIDs01274465
rd-162,CIDs11957756
dcc-2618,CIDs71584930
bx-912,CIDs11754511
way-100635,CIDs00005684
tepp-46,CIDs44246499
lafutidine,CIDs05282136
glpg0187,CIDs53340771
a-922500,CIDs24768261
dactinomycin,CIDs00457193
krp-203,CIDs11155873
3-indolebutyric acid,CIDs00008617
azd-3965,CIDs10369242
16-16-dimethyl pge2,CIDs05283066
selisistat,CIDs05113032
btm-2c-dimer allyl oxime,CIDs138403274
ncgc00344999-01,CIDs73265222
varlitinib tosylate,CIDs44225877
alectinib (ch5424802),CIDs49806720
lx-7101,CIDs56962369
ibutamoren mesilate,CIDs06450830
ofloxacin,CIDs00004583
chloropyramine hydrochloride,CIDs00080311
irinotecan,CIDs00060838
pilaralisib,CIDs56599306
gsk-429286a,CIDs11373846
ixazomib,CIDs25183872
probucol,CIDs00004912
c-188-9,CIDs01324494
phentolamine mesilate,CIDs00091430
atazanavir sulfate,CIDs00158550
phenylephrine hydrochloride,CIDs05284443
ic-87114,CIDs09908783
cpi-637,CIDs121271792
cilomilast,CIDs00151170
az-tak1 inhibitor,CIDs21914258
mln-120b,CIDs09929127
letrozole,CIDs00003902
tpck,CIDs00439647
tofacitinib,CIDs09926791
amuvatinib,CIDs11282283
dopamine hydrochloride,CIDs00065340
rifabutin,CIDs135398743
oxa-01,CIDs45276387
trimethobenzamide,CIDs00005577
incb8761 (pf-4136309),CIDs11192346
alfuzosin hydrochloride,CIDs00071764
troxacitabine,CIDs00454194
plerixafor hydrochloride,CIDs00065014
cudc-305,CIDs44156921
derazantinib,CIDs46834118
trimethoprim,CIDs00005578
ag-1478,CIDs00002051
e5555,CIDs10459564
daclatasvir dihydrochloride,CIDs25154713
demecolcine,CIDs00220401
carbachol,CIDs00005831
pazopanib,CIDs10113978
lidoflazine,CIDs00003926
birinapant,CIDs49836020
hesperetin,CIDs00072281
bay-356,CIDs73425805
artemether,CIDs00068911
"akt-i-1,2",CIDs09819282
rg-108,CIDs00702558
rucaparib,CIDs09931954
clevudine,CIDs00073115
sch-772984,CIDs24866313
semagacestat,CIDs09843750
fendiline,CIDs00003336
tak-441,CIDs44187367
cpi-360,CIDs73442743
mkc-3946,CIDs59599728
roxithromycin,CIDs06915744
danoprevir,CIDs11285588
pd-173955,CIDs00447077
tiagabine,CIDs00060648
osimertinib mesylate,CIDs78357807
acetohydroxamic acid,CIDs00001990
thioguanine,CIDs02723601
fulvestrant,CIDs00104741
buspirone,CIDs00002477
polydatin,CIDs05281718
emd-534085,CIDs23634407
ml-347,CIDs44577753
phlorizin,CIDs00006072
rsl3,CIDs01750826
prp003-013,CIDs71550931
ganciclovir,CIDs135398740
ch-5132799,CIDs49784945
bcl6 inhibitor,CIDs03800971
resminostat,CIDs11609955
cep28122,CIDs91827701
calindol,CIDs09882793
resiquimod,CIDs00159603
apaziquone,CIDs05813717
vs-4718,CIDs25073775
gdc-0077,CIDs124173720
formestane,CIDs00011273
kaempferol,CIDs05280863
famotidine,CIDs05702160
ibutilide fumarate,CIDs05281065
plx-7904,CIDs90116945
raloxifene hydrochloride,CIDs00054900
gsk-3965,CIDs00447905
avobenzone,CIDs00051040
amoxapine,CIDs00002170
lacidipine,CIDs05311217
chlormezanone,CIDs00002717
bi09,CIDs86290458
glesatinib,CIDs25181472
chembl17639,CIDs00001546
mizoribine,CIDs00104762
bms-265246,CIDs135402864
tyrphostin b42,CIDs05328779
tcn-201,CIDs04787937
lestaurtinib,CIDs00126565
atn-161,CIDs09960285
mk-1064,CIDs44633765
sitaxentan,CIDs00216235
pd-166793,CIDs09887870
wyeth cot inhibitor 2,CIDs44143370
ivosidenib,CIDs71657455
chir-124,CIDs11502647
rifaximin,CIDs06436173
proglumide,CIDs00004922
omigapil,CIDs06419718
17-hydroxy wortmannin,CIDs73265229
r-406,CIDs11213558
antimycin a,CIDs00014957
naltrexone hydrochloride,CIDs05485201
nedaplatin,CIDs46738098
acolbifene,CIDs00155435
gkt-137831,CIDs58496428
cyclophosphamide,CIDs00002907
sgx-523,CIDs24779724
citarinostat,CIDs53340426
bio,CIDs00448949
ly-3023414,CIDs57519748
ikk-2 inhibitor viii,CIDs136216943
ravoxertinib,CIDs71727581
noscapine,CIDs00275196
amg-47a,CIDs16086114
mk-5108,CIDs24748204
xl-019,CIDs57990869
englerin a,CIDs46242512
ml324,CIDs44143208
nsc-75503,CIDs00253078
wz-3146,CIDs44607360
rottlerin,CIDs05281847
atovaquone,CIDs00074989
cephalexin,CIDs00027447
pimobendan,CIDs00004823
lf3,CIDs01213452
argatroban,CIDs00092721
stemregenin 1,CIDs46199207
cay-10626,CIDs44599690
tetrabenazine,CIDs00006018
smi-4a,CIDs01361334
naringenin,CIDs00000932
pictilisib,CIDs17755052
berberine,CIDs00002353
entacapone,CIDs05281081
osi-027,CIDs44224160
tivozanib,CIDs09911830
cyclosporin a,CIDs05284373
cridanimod,CIDs00038072
pentamidine isethionate,CIDs00008813
pha-408,CIDs22291652
ph-797804,CIDs22049997
sch-51344,CIDs09995890
cp-91149,CIDs09843900
prexasertib,CIDs46700756
gsk-837149a,CIDs57519517
evofosfamide,CIDs11984561
gsk3 inhibitor,CIDs06419766
sulfapyridine,CIDs00005336
preladenant,CIDs10117987
tacedinaline,CIDs00002746
g-strophanthin,CIDs00439501
perifosine,CIDs00148177
zaldaride maleate,CIDs06450522
bqu-57,CIDs77845606
(r)-pfi-2,CIDs71300326
deltarasin,CIDs73292904
erlotinib hydrochloride,CIDs00176871
tesmilifene hydrochloride,CIDs00175534
vu0483487-1,CIDs73265321
ky-02111,CIDs08582409
fluconazole,CIDs00003365
gdc-0084,CIDs57384863
epz-005687,CIDs60160561
mivebresib (abbv-075),CIDs71600087
bms-2,CIDs21081761
pd-173955 analogue 1,CIDs00447077
tw-37,CIDs11455910
ivermectin,CIDs06321424
histamine dihydrochloride,CIDs00005818
pnu-74654,CIDs09836739
sb-505124,CIDs09858940
al-8697,CIDs25060093
ethinylestradiol,CIDs00005991
motesanib,CIDs11667893
vlx-1570,CIDs71523377
i-bet762,CIDs46943432
pentagastrin,CIDs09853654
sarpogrelate,CIDs00005160
osi-930,CIDs09868037
6-mercaptopurine,CIDs00667490
pf-06454589,CIDs72706837
dideoxycytidine 5\'-triphosphate,CIDs00119119
epz004777,CIDs56962336
risperidone???,CIDs00005073
alfacalcidol,CIDs05282181
ilomastat,CIDs00132519
licofelone,CIDs00133021
clofibric acid,CIDs00002797
berzosertib,CIDs59472121
unc-669,CIDs46931242
cevipabulin,CIDs11488110
unc-569,CIDs53355503
torkinib,CIDs135565635
pf-8380,CIDs25265312
asp-9521,CIDs25210792
diphenidol,CIDs00003055
birabresib,CIDs09936746
ncgc00238624,CIDs46926062
vincristine sulfate,CIDs05388992
5-fu,CIDs00003385
sb-1317,CIDs16739650
pdhk riken,CIDs00764764
td-139,CIDs73774610
mesalazine,CIDs00004075
cp-456773,CIDs09910393
pipequaline,CIDs00071219
wortmannin,CIDs00312145
ezatiostat,CIDs05310939
bufexamac,CIDs00002466
rufinamide,CIDs00129228
aqx-mn-100,CIDs23634362
barasertib,CIDs11497983
bms-5,CIDs56965901
senexin-b,CIDs71661259
olanzapine (ly-170053),CIDs135398745
e-7010,CIDs03035714
brivanib,CIDs11234052
clotrimazole,CIDs00002812
ansamitocin p3,CIDs05282049
etoposide,CIDs00036462
spectinomycin hydrochloride,CIDs00015541
cgm-097,CIDs53240420
nevirapine,CIDs00004463
basmisanil,CIDs57336276
cep-40783,CIDs71576419
topiramate,CIDs05284627
otenabant,CIDs10052040
sarafloxacin hydrochloride,CIDs00056207
canrenone,CIDs00013789
docosanol,CIDs00012620
rifampin,CIDs135398735
pci-27483,CIDs135425273
lorlatinib,CIDs71731823
plx-4720,CIDs24180719
entospletinib,CIDs59473233
paroxetine,CIDs00043815
bazedoxifene,CIDs00154257
pipobroman,CIDs00004842
17-methyltestosterone,CIDs00006010
prinaberel,CIDs00656954
fluticasone furoate,CIDs09854489
vinorelbine,CIDs05311497
retaspimycin,CIDs11534420
nvs-cecr2-1,CIDs117072550
huperizine a,CIDs00854026
ipfk2,CIDs53348204
refametinib,CIDs44182295
sb-590885,CIDs135398506
pinacidil,CIDs00004826
diltiazem hydrochloride,CIDs00062920
mesna disulfide,CIDs45039698
gsk-1838705a,CIDs25182616
noradrenaline bitartrate monohydrate,CIDs03047796
mitiglinide calcium hydrate,CIDs06918235
kanamycin,CIDs00006032
px-478,CIDs11234794
varespladib,CIDs00155815
filgotinib,CIDs49831257
amantadine hcl,CIDs00002130
metyrosine,CIDs00441350
cobimetinib,CIDs16222096
umbralisib,CIDs72950888
bms-983970,CIDs73388374
ca-074 me,CIDs06610318
cilliobrevin d,CIDs136257953
ncgc00262398,CIDs70789547
azd-1208,CIDs58423153
ct-98014,CIDs53396311
salinomycin,CIDs03085092
5-azacitidine,CIDs00009444
mithramycin,CIDs00163659
miransertib,CIDs53262401
fmk,CIDs00644243
antibiotic ad 32,CIDs00041744
vu0483488-1,CIDs73265338
infigratinib,CIDs53235510
nsc-87877,CIDs00092577
a-83-01,CIDs16218924
mk-8033,CIDs45142457
kuc111774n,CIDs12387471
smdc-530602,NCGC00345722-01
tamsulosin hydrochloride,CIDs05362376
vu0482089-2,CIDs68938909
erythromycin,CIDs00012560
tpca-1,CIDs09903786
latrepirdine hydrochloride,CIDs00197033
pd-318088,CIDs10231331
azd-8797,CIDs11965767
reserpine,CIDs00005770
minoxidil,CIDs00004201
tobramycin,CIDs00036294
yk-4-279,CIDs44632017
gsk-650394,CIDs25022668
methylergonovine,CIDs00008226
niflumic acid,CIDs00004488
clinofibrate,CIDs00002787
bms-906024,CIDs66550890
lomeguatrib,CIDs03025944
amprenavir,CIDs00065016
beclomethasone dipropionate,CIDs00021800
go-6976,CIDs00003501
gsk-615,CIDs23582824
gsk-269962a,CIDs16095342
nelfinavir,CIDs00064142
ml264,CIDs51003603
triclosan,CIDs00005564
efavirenz,CIDs00064139
purfalcamine,CIDs24762166
snx-5422,CIDs44195570
nifekalant,CIDs00004486
thioproperazine dimethanesulfonate,CIDs00092178
amg-548,CIDs11167112
mecarbinate,CIDs00616236
torasemide,CIDs00041781
hmsl10058,CIDs57394468
apatinib,CIDs11315474
pinorubicin,CIDs11296583
cgp-60474,CIDs00644215
isepamicin,CIDs00003755
nesbuvir,CIDs11561383
amantadine hydrochloride,CIDs00064150
lupeol,CIDs00259846
dolastatin 10,CIDs09810929
bs-194,CIDs25125014
canertinib,CIDs00156414
omaveloxolone,CIDs71811910
talmapimod,CIDs09871074
nsc-23766,CIDs00409805
cap-232,CIDs06918265
diclofenac sodium,CIDs05018304
ru360,CIDs16760639
tg-89,CIDs16723044
theophyllamine,CIDs00009433
(6-)e-<u+200b>aminocaproic acid,CIDs00000564
bruceantin,CIDs05281304
chlorhexidine,CIDs09552079
ltx-315,CIDs46200994
azd9668,CIDs46861623
droxinostat,CIDs00568416
d-4476,CIDs06419753
tetracycline hydrochloride,CIDs54704426
snx-2112,CIDs24772860
ac-480,CIDs10437018
olopatadine hydrochloride,CIDs00060864
carglumic acid,CIDs00121396
vanoxeamine,CIDs00104920
pnu-120596,CIDs00311434
triflupromazine,CIDs00005568
viracept,CIDs00064142
nsc-207895,CIDs00042640
betanin,CIDs00091559
bay-1125976,CIDs70817911
unc-1215,CIDs57339144
roxadustat,CIDs11256664
ncgc00037850,CIDs02331284
az-960,CIDs25099184
doxofylline,CIDs00050942
dorzolamide hydrochloride,CIDs06918132
gne-3511,CIDs72547959
primidone,CIDs00004909
thalidomide,CIDs00005426
tranilast,CIDs05282230
nsc-678515,CIDs00352500
abc-294640,CIDs15604015
compound 7,CIDs46918825
mk-2461,CIDs44137945
gdc-0326,CIDs58204997
sildenafil citrate,CIDs135413523
spermidine,CIDs00001102
trifluoperazine,CIDs00005566
d-cycloserine,CIDs00006234
gsk-6853,CIDs121232405
takeda-6d,CIDs25206185
zalcitabine,CIDs00024066
ketoconazole,CIDs00456201
g-007-lk,CIDs67960134
mi-503,CIDs91667931
ro-4987655,CIDs11548630
disulfiram,CIDs00003117
amifostine,CIDs00002141
unbs-5162,CIDs16048966
gsk-2126458,CIDs25167777
mubritinib,CIDs06444692
pf-4693627,CIDs53252516
epz011989,CIDs73670548
uracil mustard,CIDs00006194
oteracil potassium,CIDs02723920
carfilzomib,CIDs11556711
nilutamide,CIDs00004493
azd-8186,CIDs52913813
dolutegravir,CIDs54726191
vosaroxin,CIDs09952884
piperaquine,CIDs00122262
pd-166285,CIDs05311382
loratadine,CIDs00003957
az-9482,CIDs92045137
testosterone propionate,CIDs00005995
riviciclib (p276-00),CIDs23643975
ncgc00183434-01,CIDs44620939
nitroxoline,CIDs00019910
bergenin,CIDs00066065
d-942,CIDs16760291
daptomycin,CIDs16134395
stf-083010,CIDs00729483
bms-202,CIDs117951478
cpi-169 racemate,CIDs78357814
picropodophyllin,CIDs00072435
metformin,CIDs00004091
ncgc00241411,CIDs11987888
domperidone,CIDs00003151
rebeccamycin,CIDs00073110
acetaminophen,CIDs00001983
entinostat,CIDs00004261
entrectinib,CIDs25141092
jx-401,CIDs01126109
cudc-101,CIDs24756910
ki-8751,CIDs11317348
prednisone,CIDs00005865
(+)-usniacin,CIDs00442614
jzl-184,CIDs25021165
abametapir,CIDs00015664
rac nebivolol hydrochloride,CIDs11626384
cisapride,CIDs00002769
